# Torus generated for LegendEngine (OBJ loader test asset).
# Quad faces with uvs and normals; wound CCW seen from outside.
o Torus
v 1.400000 0.000000 0.000000
v 1.386370 0.103528 0.000000
v 1.346410 0.200000 0.000000
v 1.282843 0.282843 0.000000
v 1.200000 0.346410 0.000000
v 1.103528 0.386370 0.000000
v 1.000000 0.400000 0.000000
v 0.896472 0.386370 0.000000
v 0.800000 0.346410 0.000000
v 0.717157 0.282843 0.000000
v 0.653590 0.200000 0.000000
v 0.613630 0.103528 0.000000
v 0.600000 0.000000 0.000000
v 0.613630 -0.103528 0.000000
v 0.653590 -0.200000 0.000000
v 0.717157 -0.282843 0.000000
v 0.800000 -0.346410 0.000000
v 0.896472 -0.386370 0.000000
v 1.000000 -0.400000 0.000000
v 1.103528 -0.386370 0.000000
v 1.200000 -0.346410 0.000000
v 1.282843 -0.282843 0.000000
v 1.346410 -0.200000 0.000000
v 1.386370 -0.103528 0.000000
v 1.400000 -0.000000 0.000000
v 1.388023 0.000000 0.182737
v 1.374510 0.103528 0.180958
v 1.334891 0.200000 0.175742
v 1.271868 0.282843 0.167445
v 1.189734 0.346410 0.156631
v 1.094087 0.386370 0.144039
v 0.991445 0.400000 0.130526
v 0.888803 0.386370 0.117013
v 0.793156 0.346410 0.104421
v 0.711022 0.282843 0.093608
v 0.647998 0.200000 0.085311
v 0.608380 0.103528 0.080095
v 0.594867 0.000000 0.078316
v 0.608380 -0.103528 0.080095
v 0.647998 -0.200000 0.085311
v 0.711022 -0.282843 0.093608
v 0.793156 -0.346410 0.104421
v 0.888803 -0.386370 0.117013
v 0.991445 -0.400000 0.130526
v 1.094087 -0.386370 0.144039
v 1.189734 -0.346410 0.156631
v 1.271868 -0.282843 0.167445
v 1.334891 -0.200000 0.175742
v 1.374510 -0.103528 0.180958
v 1.388023 -0.000000 0.182737
v 1.352296 0.000000 0.362347
v 1.339131 0.103528 0.358819
v 1.300532 0.200000 0.348477
v 1.239131 0.282843 0.332024
v 1.159111 0.346410 0.310583
v 1.065926 0.386370 0.285614
v 0.965926 0.400000 0.258819
v 0.865926 0.386370 0.232024
v 0.772741 0.346410 0.207055
v 0.692721 0.282843 0.185614
v 0.631319 0.200000 0.169161
v 0.592721 0.103528 0.158819
v 0.579555 0.000000 0.155291
v 0.592721 -0.103528 0.158819
v 0.631319 -0.200000 0.169161
v 0.692721 -0.282843 0.185614
v 0.772741 -0.346410 0.207055
v 0.865926 -0.386370 0.232024
v 0.965926 -0.400000 0.258819
v 1.065926 -0.386370 0.285614
v 1.159111 -0.346410 0.310583
v 1.239131 -0.282843 0.332024
v 1.300532 -0.200000 0.348477
v 1.339131 -0.103528 0.358819
v 1.352296 -0.000000 0.362347
v 1.293431 0.000000 0.535757
v 1.280839 0.103528 0.530541
v 1.243921 0.200000 0.515249
v 1.185192 0.282843 0.490923
v 1.108655 0.346410 0.459220
v 1.019527 0.386370 0.422302
v 0.923880 0.400000 0.382683
v 0.828232 0.386370 0.343065
v 0.739104 0.346410 0.306147
v 0.662567 0.282843 0.274444
v 0.603838 0.200000 0.250118
v 0.566920 0.103528 0.234826
v 0.554328 0.000000 0.229610
v 0.566920 -0.103528 0.234826
v 0.603838 -0.200000 0.250118
v 0.662567 -0.282843 0.274444
v 0.739104 -0.346410 0.306147
v 0.828232 -0.386370 0.343065
v 0.923880 -0.400000 0.382683
v 1.019527 -0.386370 0.422302
v 1.108655 -0.346410 0.459220
v 1.185192 -0.282843 0.490923
v 1.243921 -0.200000 0.515249
v 1.280839 -0.103528 0.530541
v 1.293431 -0.000000 0.535757
v 1.212436 0.000000 0.700000
v 1.200632 0.103528 0.693185
v 1.166025 0.200000 0.673205
v 1.110974 0.282843 0.641421
v 1.039230 0.346410 0.600000
v 0.955683 0.386370 0.551764
v 0.866025 0.400000 0.500000
v 0.776368 0.386370 0.448236
v 0.692820 0.346410 0.400000
v 0.621076 0.282843 0.358579
v 0.566025 0.200000 0.326795
v 0.531419 0.103528 0.306815
v 0.519615 0.000000 0.300000
v 0.531419 -0.103528 0.306815
v 0.566025 -0.200000 0.326795
v 0.621076 -0.282843 0.358579
v 0.692820 -0.346410 0.400000
v 0.776368 -0.386370 0.448236
v 0.866025 -0.400000 0.500000
v 0.955683 -0.386370 0.551764
v 1.039230 -0.346410 0.600000
v 1.110974 -0.282843 0.641421
v 1.166025 -0.200000 0.673205
v 1.200632 -0.103528 0.693185
v 1.212436 -0.000000 0.700000
v 1.110695 0.000000 0.852266
v 1.099882 0.103528 0.843969
v 1.068179 0.200000 0.819643
v 1.017748 0.282843 0.780945
v 0.952024 0.346410 0.730514
v 0.875487 0.386370 0.671785
v 0.793353 0.400000 0.608761
v 0.711219 0.386370 0.545738
v 0.634683 0.346410 0.487009
v 0.568959 0.282843 0.436578
v 0.518528 0.200000 0.397880
v 0.486825 0.103528 0.373554
v 0.476012 0.000000 0.365257
v 0.486825 -0.103528 0.373554
v 0.518528 -0.200000 0.397880
v 0.568959 -0.282843 0.436578
v 0.634683 -0.346410 0.487009
v 0.711219 -0.386370 0.545738
v 0.793353 -0.400000 0.608761
v 0.875487 -0.386370 0.671785
v 0.952024 -0.346410 0.730514
v 1.017748 -0.282843 0.780945
v 1.068179 -0.200000 0.819643
v 1.099882 -0.103528 0.843969
v 1.110695 -0.000000 0.852266
v 0.989949 0.000000 0.989949
v 0.980312 0.103528 0.980312
v 0.952056 0.200000 0.952056
v 0.907107 0.282843 0.907107
v 0.848528 0.346410 0.848528
v 0.780312 0.386370 0.780312
v 0.707107 0.400000 0.707107
v 0.633902 0.386370 0.633902
v 0.565685 0.346410 0.565685
v 0.507107 0.282843 0.507107
v 0.462158 0.200000 0.462158
v 0.433902 0.103528 0.433902
v 0.424264 0.000000 0.424264
v 0.433902 -0.103528 0.433902
v 0.462158 -0.200000 0.462158
v 0.507107 -0.282843 0.507107
v 0.565685 -0.346410 0.565685
v 0.633902 -0.386370 0.633902
v 0.707107 -0.400000 0.707107
v 0.780312 -0.386370 0.780312
v 0.848528 -0.346410 0.848528
v 0.907107 -0.282843 0.907107
v 0.952056 -0.200000 0.952056
v 0.980312 -0.103528 0.980312
v 0.989949 -0.000000 0.989949
v 0.852266 0.000000 1.110695
v 0.843969 0.103528 1.099882
v 0.819643 0.200000 1.068179
v 0.780945 0.282843 1.017748
v 0.730514 0.346410 0.952024
v 0.671785 0.386370 0.875487
v 0.608761 0.400000 0.793353
v 0.545738 0.386370 0.711219
v 0.487009 0.346410 0.634683
v 0.436578 0.282843 0.568959
v 0.397880 0.200000 0.518528
v 0.373554 0.103528 0.486825
v 0.365257 0.000000 0.476012
v 0.373554 -0.103528 0.486825
v 0.397880 -0.200000 0.518528
v 0.436578 -0.282843 0.568959
v 0.487009 -0.346410 0.634683
v 0.545738 -0.386370 0.711219
v 0.608761 -0.400000 0.793353
v 0.671785 -0.386370 0.875487
v 0.730514 -0.346410 0.952024
v 0.780945 -0.282843 1.017748
v 0.819643 -0.200000 1.068179
v 0.843969 -0.103528 1.099882
v 0.852266 -0.000000 1.110695
v 0.700000 0.000000 1.212436
v 0.693185 0.103528 1.200632
v 0.673205 0.200000 1.166025
v 0.641421 0.282843 1.110974
v 0.600000 0.346410 1.039230
v 0.551764 0.386370 0.955683
v 0.500000 0.400000 0.866025
v 0.448236 0.386370 0.776368
v 0.400000 0.346410 0.692820
v 0.358579 0.282843 0.621076
v 0.326795 0.200000 0.566025
v 0.306815 0.103528 0.531419
v 0.300000 0.000000 0.519615
v 0.306815 -0.103528 0.531419
v 0.326795 -0.200000 0.566025
v 0.358579 -0.282843 0.621076
v 0.400000 -0.346410 0.692820
v 0.448236 -0.386370 0.776368
v 0.500000 -0.400000 0.866025
v 0.551764 -0.386370 0.955683
v 0.600000 -0.346410 1.039230
v 0.641421 -0.282843 1.110974
v 0.673205 -0.200000 1.166025
v 0.693185 -0.103528 1.200632
v 0.700000 -0.000000 1.212436
v 0.535757 0.000000 1.293431
v 0.530541 0.103528 1.280839
v 0.515249 0.200000 1.243921
v 0.490923 0.282843 1.185192
v 0.459220 0.346410 1.108655
v 0.422302 0.386370 1.019527
v 0.382683 0.400000 0.923880
v 0.343065 0.386370 0.828232
v 0.306147 0.346410 0.739104
v 0.274444 0.282843 0.662567
v 0.250118 0.200000 0.603838
v 0.234826 0.103528 0.566920
v 0.229610 0.000000 0.554328
v 0.234826 -0.103528 0.566920
v 0.250118 -0.200000 0.603838
v 0.274444 -0.282843 0.662567
v 0.306147 -0.346410 0.739104
v 0.343065 -0.386370 0.828232
v 0.382683 -0.400000 0.923880
v 0.422302 -0.386370 1.019527
v 0.459220 -0.346410 1.108655
v 0.490923 -0.282843 1.185192
v 0.515249 -0.200000 1.243921
v 0.530541 -0.103528 1.280839
v 0.535757 -0.000000 1.293431
v 0.362347 0.000000 1.352296
v 0.358819 0.103528 1.339131
v 0.348477 0.200000 1.300532
v 0.332024 0.282843 1.239131
v 0.310583 0.346410 1.159111
v 0.285614 0.386370 1.065926
v 0.258819 0.400000 0.965926
v 0.232024 0.386370 0.865926
v 0.207055 0.346410 0.772741
v 0.185614 0.282843 0.692721
v 0.169161 0.200000 0.631319
v 0.158819 0.103528 0.592721
v 0.155291 0.000000 0.579555
v 0.158819 -0.103528 0.592721
v 0.169161 -0.200000 0.631319
v 0.185614 -0.282843 0.692721
v 0.207055 -0.346410 0.772741
v 0.232024 -0.386370 0.865926
v 0.258819 -0.400000 0.965926
v 0.285614 -0.386370 1.065926
v 0.310583 -0.346410 1.159111
v 0.332024 -0.282843 1.239131
v 0.348477 -0.200000 1.300532
v 0.358819 -0.103528 1.339131
v 0.362347 -0.000000 1.352296
v 0.182737 0.000000 1.388023
v 0.180958 0.103528 1.374510
v 0.175742 0.200000 1.334891
v 0.167445 0.282843 1.271868
v 0.156631 0.346410 1.189734
v 0.144039 0.386370 1.094087
v 0.130526 0.400000 0.991445
v 0.117013 0.386370 0.888803
v 0.104421 0.346410 0.793156
v 0.093608 0.282843 0.711022
v 0.085311 0.200000 0.647998
v 0.080095 0.103528 0.608380
v 0.078316 0.000000 0.594867
v 0.080095 -0.103528 0.608380
v 0.085311 -0.200000 0.647998
v 0.093608 -0.282843 0.711022
v 0.104421 -0.346410 0.793156
v 0.117013 -0.386370 0.888803
v 0.130526 -0.400000 0.991445
v 0.144039 -0.386370 1.094087
v 0.156631 -0.346410 1.189734
v 0.167445 -0.282843 1.271868
v 0.175742 -0.200000 1.334891
v 0.180958 -0.103528 1.374510
v 0.182737 -0.000000 1.388023
v 0.000000 0.000000 1.400000
v 0.000000 0.103528 1.386370
v 0.000000 0.200000 1.346410
v 0.000000 0.282843 1.282843
v 0.000000 0.346410 1.200000
v 0.000000 0.386370 1.103528
v 0.000000 0.400000 1.000000
v 0.000000 0.386370 0.896472
v 0.000000 0.346410 0.800000
v 0.000000 0.282843 0.717157
v 0.000000 0.200000 0.653590
v 0.000000 0.103528 0.613630
v 0.000000 0.000000 0.600000
v 0.000000 -0.103528 0.613630
v 0.000000 -0.200000 0.653590
v 0.000000 -0.282843 0.717157
v 0.000000 -0.346410 0.800000
v 0.000000 -0.386370 0.896472
v 0.000000 -0.400000 1.000000
v 0.000000 -0.386370 1.103528
v 0.000000 -0.346410 1.200000
v 0.000000 -0.282843 1.282843
v 0.000000 -0.200000 1.346410
v 0.000000 -0.103528 1.386370
v 0.000000 -0.000000 1.400000
v -0.182737 0.000000 1.388023
v -0.180958 0.103528 1.374510
v -0.175742 0.200000 1.334891
v -0.167445 0.282843 1.271868
v -0.156631 0.346410 1.189734
v -0.144039 0.386370 1.094087
v -0.130526 0.400000 0.991445
v -0.117013 0.386370 0.888803
v -0.104421 0.346410 0.793156
v -0.093608 0.282843 0.711022
v -0.085311 0.200000 0.647998
v -0.080095 0.103528 0.608380
v -0.078316 0.000000 0.594867
v -0.080095 -0.103528 0.608380
v -0.085311 -0.200000 0.647998
v -0.093608 -0.282843 0.711022
v -0.104421 -0.346410 0.793156
v -0.117013 -0.386370 0.888803
v -0.130526 -0.400000 0.991445
v -0.144039 -0.386370 1.094087
v -0.156631 -0.346410 1.189734
v -0.167445 -0.282843 1.271868
v -0.175742 -0.200000 1.334891
v -0.180958 -0.103528 1.374510
v -0.182737 -0.000000 1.388023
v -0.362347 0.000000 1.352296
v -0.358819 0.103528 1.339131
v -0.348477 0.200000 1.300532
v -0.332024 0.282843 1.239131
v -0.310583 0.346410 1.159111
v -0.285614 0.386370 1.065926
v -0.258819 0.400000 0.965926
v -0.232024 0.386370 0.865926
v -0.207055 0.346410 0.772741
v -0.185614 0.282843 0.692721
v -0.169161 0.200000 0.631319
v -0.158819 0.103528 0.592721
v -0.155291 0.000000 0.579555
v -0.158819 -0.103528 0.592721
v -0.169161 -0.200000 0.631319
v -0.185614 -0.282843 0.692721
v -0.207055 -0.346410 0.772741
v -0.232024 -0.386370 0.865926
v -0.258819 -0.400000 0.965926
v -0.285614 -0.386370 1.065926
v -0.310583 -0.346410 1.159111
v -0.332024 -0.282843 1.239131
v -0.348477 -0.200000 1.300532
v -0.358819 -0.103528 1.339131
v -0.362347 -0.000000 1.352296
v -0.535757 0.000000 1.293431
v -0.530541 0.103528 1.280839
v -0.515249 0.200000 1.243921
v -0.490923 0.282843 1.185192
v -0.459220 0.346410 1.108655
v -0.422302 0.386370 1.019527
v -0.382683 0.400000 0.923880
v -0.343065 0.386370 0.828232
v -0.306147 0.346410 0.739104
v -0.274444 0.282843 0.662567
v -0.250118 0.200000 0.603838
v -0.234826 0.103528 0.566920
v -0.229610 0.000000 0.554328
v -0.234826 -0.103528 0.566920
v -0.250118 -0.200000 0.603838
v -0.274444 -0.282843 0.662567
v -0.306147 -0.346410 0.739104
v -0.343065 -0.386370 0.828232
v -0.382683 -0.400000 0.923880
v -0.422302 -0.386370 1.019527
v -0.459220 -0.346410 1.108655
v -0.490923 -0.282843 1.185192
v -0.515249 -0.200000 1.243921
v -0.530541 -0.103528 1.280839
v -0.535757 -0.000000 1.293431
v -0.700000 0.000000 1.212436
v -0.693185 0.103528 1.200632
v -0.673205 0.200000 1.166025
v -0.641421 0.282843 1.110974
v -0.600000 0.346410 1.039230
v -0.551764 0.386370 0.955683
v -0.500000 0.400000 0.866025
v -0.448236 0.386370 0.776368
v -0.400000 0.346410 0.692820
v -0.358579 0.282843 0.621076
v -0.326795 0.200000 0.566025
v -0.306815 0.103528 0.531419
v -0.300000 0.000000 0.519615
v -0.306815 -0.103528 0.531419
v -0.326795 -0.200000 0.566025
v -0.358579 -0.282843 0.621076
v -0.400000 -0.346410 0.692820
v -0.448236 -0.386370 0.776368
v -0.500000 -0.400000 0.866025
v -0.551764 -0.386370 0.955683
v -0.600000 -0.346410 1.039230
v -0.641421 -0.282843 1.110974
v -0.673205 -0.200000 1.166025
v -0.693185 -0.103528 1.200632
v -0.700000 -0.000000 1.212436
v -0.852266 0.000000 1.110695
v -0.843969 0.103528 1.099882
v -0.819643 0.200000 1.068179
v -0.780945 0.282843 1.017748
v -0.730514 0.346410 0.952024
v -0.671785 0.386370 0.875487
v -0.608761 0.400000 0.793353
v -0.545738 0.386370 0.711219
v -0.487009 0.346410 0.634683
v -0.436578 0.282843 0.568959
v -0.397880 0.200000 0.518528
v -0.373554 0.103528 0.486825
v -0.365257 0.000000 0.476012
v -0.373554 -0.103528 0.486825
v -0.397880 -0.200000 0.518528
v -0.436578 -0.282843 0.568959
v -0.487009 -0.346410 0.634683
v -0.545738 -0.386370 0.711219
v -0.608761 -0.400000 0.793353
v -0.671785 -0.386370 0.875487
v -0.730514 -0.346410 0.952024
v -0.780945 -0.282843 1.017748
v -0.819643 -0.200000 1.068179
v -0.843969 -0.103528 1.099882
v -0.852266 -0.000000 1.110695
v -0.989949 0.000000 0.989949
v -0.980312 0.103528 0.980312
v -0.952056 0.200000 0.952056
v -0.907107 0.282843 0.907107
v -0.848528 0.346410 0.848528
v -0.780312 0.386370 0.780312
v -0.707107 0.400000 0.707107
v -0.633902 0.386370 0.633902
v -0.565685 0.346410 0.565685
v -0.507107 0.282843 0.507107
v -0.462158 0.200000 0.462158
v -0.433902 0.103528 0.433902
v -0.424264 0.000000 0.424264
v -0.433902 -0.103528 0.433902
v -0.462158 -0.200000 0.462158
v -0.507107 -0.282843 0.507107
v -0.565685 -0.346410 0.565685
v -0.633902 -0.386370 0.633902
v -0.707107 -0.400000 0.707107
v -0.780312 -0.386370 0.780312
v -0.848528 -0.346410 0.848528
v -0.907107 -0.282843 0.907107
v -0.952056 -0.200000 0.952056
v -0.980312 -0.103528 0.980312
v -0.989949 -0.000000 0.989949
v -1.110695 0.000000 0.852266
v -1.099882 0.103528 0.843969
v -1.068179 0.200000 0.819643
v -1.017748 0.282843 0.780945
v -0.952024 0.346410 0.730514
v -0.875487 0.386370 0.671785
v -0.793353 0.400000 0.608761
v -0.711219 0.386370 0.545738
v -0.634683 0.346410 0.487009
v -0.568959 0.282843 0.436578
v -0.518528 0.200000 0.397880
v -0.486825 0.103528 0.373554
v -0.476012 0.000000 0.365257
v -0.486825 -0.103528 0.373554
v -0.518528 -0.200000 0.397880
v -0.568959 -0.282843 0.436578
v -0.634683 -0.346410 0.487009
v -0.711219 -0.386370 0.545738
v -0.793353 -0.400000 0.608761
v -0.875487 -0.386370 0.671785
v -0.952024 -0.346410 0.730514
v -1.017748 -0.282843 0.780945
v -1.068179 -0.200000 0.819643
v -1.099882 -0.103528 0.843969
v -1.110695 -0.000000 0.852266
v -1.212436 0.000000 0.700000
v -1.200632 0.103528 0.693185
v -1.166025 0.200000 0.673205
v -1.110974 0.282843 0.641421
v -1.039230 0.346410 0.600000
v -0.955683 0.386370 0.551764
v -0.866025 0.400000 0.500000
v -0.776368 0.386370 0.448236
v -0.692820 0.346410 0.400000
v -0.621076 0.282843 0.358579
v -0.566025 0.200000 0.326795
v -0.531419 0.103528 0.306815
v -0.519615 0.000000 0.300000
v -0.531419 -0.103528 0.306815
v -0.566025 -0.200000 0.326795
v -0.621076 -0.282843 0.358579
v -0.692820 -0.346410 0.400000
v -0.776368 -0.386370 0.448236
v -0.866025 -0.400000 0.500000
v -0.955683 -0.386370 0.551764
v -1.039230 -0.346410 0.600000
v -1.110974 -0.282843 0.641421
v -1.166025 -0.200000 0.673205
v -1.200632 -0.103528 0.693185
v -1.212436 -0.000000 0.700000
v -1.293431 0.000000 0.535757
v -1.280839 0.103528 0.530541
v -1.243921 0.200000 0.515249
v -1.185192 0.282843 0.490923
v -1.108655 0.346410 0.459220
v -1.019527 0.386370 0.422302
v -0.923880 0.400000 0.382683
v -0.828232 0.386370 0.343065
v -0.739104 0.346410 0.306147
v -0.662567 0.282843 0.274444
v -0.603838 0.200000 0.250118
v -0.566920 0.103528 0.234826
v -0.554328 0.000000 0.229610
v -0.566920 -0.103528 0.234826
v -0.603838 -0.200000 0.250118
v -0.662567 -0.282843 0.274444
v -0.739104 -0.346410 0.306147
v -0.828232 -0.386370 0.343065
v -0.923880 -0.400000 0.382683
v -1.019527 -0.386370 0.422302
v -1.108655 -0.346410 0.459220
v -1.185192 -0.282843 0.490923
v -1.243921 -0.200000 0.515249
v -1.280839 -0.103528 0.530541
v -1.293431 -0.000000 0.535757
v -1.352296 0.000000 0.362347
v -1.339131 0.103528 0.358819
v -1.300532 0.200000 0.348477
v -1.239131 0.282843 0.332024
v -1.159111 0.346410 0.310583
v -1.065926 0.386370 0.285614
v -0.965926 0.400000 0.258819
v -0.865926 0.386370 0.232024
v -0.772741 0.346410 0.207055
v -0.692721 0.282843 0.185614
v -0.631319 0.200000 0.169161
v -0.592721 0.103528 0.158819
v -0.579555 0.000000 0.155291
v -0.592721 -0.103528 0.158819
v -0.631319 -0.200000 0.169161
v -0.692721 -0.282843 0.185614
v -0.772741 -0.346410 0.207055
v -0.865926 -0.386370 0.232024
v -0.965926 -0.400000 0.258819
v -1.065926 -0.386370 0.285614
v -1.159111 -0.346410 0.310583
v -1.239131 -0.282843 0.332024
v -1.300532 -0.200000 0.348477
v -1.339131 -0.103528 0.358819
v -1.352296 -0.000000 0.362347
v -1.388023 0.000000 0.182737
v -1.374510 0.103528 0.180958
v -1.334891 0.200000 0.175742
v -1.271868 0.282843 0.167445
v -1.189734 0.346410 0.156631
v -1.094087 0.386370 0.144039
v -0.991445 0.400000 0.130526
v -0.888803 0.386370 0.117013
v -0.793156 0.346410 0.104421
v -0.711022 0.282843 0.093608
v -0.647998 0.200000 0.085311
v -0.608380 0.103528 0.080095
v -0.594867 0.000000 0.078316
v -0.608380 -0.103528 0.080095
v -0.647998 -0.200000 0.085311
v -0.711022 -0.282843 0.093608
v -0.793156 -0.346410 0.104421
v -0.888803 -0.386370 0.117013
v -0.991445 -0.400000 0.130526
v -1.094087 -0.386370 0.144039
v -1.189734 -0.346410 0.156631
v -1.271868 -0.282843 0.167445
v -1.334891 -0.200000 0.175742
v -1.374510 -0.103528 0.180958
v -1.388023 -0.000000 0.182737
v -1.400000 0.000000 0.000000
v -1.386370 0.103528 0.000000
v -1.346410 0.200000 0.000000
v -1.282843 0.282843 0.000000
v -1.200000 0.346410 0.000000
v -1.103528 0.386370 0.000000
v -1.000000 0.400000 0.000000
v -0.896472 0.386370 0.000000
v -0.800000 0.346410 0.000000
v -0.717157 0.282843 0.000000
v -0.653590 0.200000 0.000000
v -0.613630 0.103528 0.000000
v -0.600000 0.000000 0.000000
v -0.613630 -0.103528 0.000000
v -0.653590 -0.200000 0.000000
v -0.717157 -0.282843 0.000000
v -0.800000 -0.346410 0.000000
v -0.896472 -0.386370 0.000000
v -1.000000 -0.400000 0.000000
v -1.103528 -0.386370 0.000000
v -1.200000 -0.346410 0.000000
v -1.282843 -0.282843 0.000000
v -1.346410 -0.200000 0.000000
v -1.386370 -0.103528 0.000000
v -1.400000 -0.000000 0.000000
v -1.388023 0.000000 -0.182737
v -1.374510 0.103528 -0.180958
v -1.334891 0.200000 -0.175742
v -1.271868 0.282843 -0.167445
v -1.189734 0.346410 -0.156631
v -1.094087 0.386370 -0.144039
v -0.991445 0.400000 -0.130526
v -0.888803 0.386370 -0.117013
v -0.793156 0.346410 -0.104421
v -0.711022 0.282843 -0.093608
v -0.647998 0.200000 -0.085311
v -0.608380 0.103528 -0.080095
v -0.594867 0.000000 -0.078316
v -0.608380 -0.103528 -0.080095
v -0.647998 -0.200000 -0.085311
v -0.711022 -0.282843 -0.093608
v -0.793156 -0.346410 -0.104421
v -0.888803 -0.386370 -0.117013
v -0.991445 -0.400000 -0.130526
v -1.094087 -0.386370 -0.144039
v -1.189734 -0.346410 -0.156631
v -1.271868 -0.282843 -0.167445
v -1.334891 -0.200000 -0.175742
v -1.374510 -0.103528 -0.180958
v -1.388023 -0.000000 -0.182737
v -1.352296 0.000000 -0.362347
v -1.339131 0.103528 -0.358819
v -1.300532 0.200000 -0.348477
v -1.239131 0.282843 -0.332024
v -1.159111 0.346410 -0.310583
v -1.065926 0.386370 -0.285614
v -0.965926 0.400000 -0.258819
v -0.865926 0.386370 -0.232024
v -0.772741 0.346410 -0.207055
v -0.692721 0.282843 -0.185614
v -0.631319 0.200000 -0.169161
v -0.592721 0.103528 -0.158819
v -0.579555 0.000000 -0.155291
v -0.592721 -0.103528 -0.158819
v -0.631319 -0.200000 -0.169161
v -0.692721 -0.282843 -0.185614
v -0.772741 -0.346410 -0.207055
v -0.865926 -0.386370 -0.232024
v -0.965926 -0.400000 -0.258819
v -1.065926 -0.386370 -0.285614
v -1.159111 -0.346410 -0.310583
v -1.239131 -0.282843 -0.332024
v -1.300532 -0.200000 -0.348477
v -1.339131 -0.103528 -0.358819
v -1.352296 -0.000000 -0.362347
v -1.293431 0.000000 -0.535757
v -1.280839 0.103528 -0.530541
v -1.243921 0.200000 -0.515249
v -1.185192 0.282843 -0.490923
v -1.108655 0.346410 -0.459220
v -1.019527 0.386370 -0.422302
v -0.923880 0.400000 -0.382683
v -0.828232 0.386370 -0.343065
v -0.739104 0.346410 -0.306147
v -0.662567 0.282843 -0.274444
v -0.603838 0.200000 -0.250118
v -0.566920 0.103528 -0.234826
v -0.554328 0.000000 -0.229610
v -0.566920 -0.103528 -0.234826
v -0.603838 -0.200000 -0.250118
v -0.662567 -0.282843 -0.274444
v -0.739104 -0.346410 -0.306147
v -0.828232 -0.386370 -0.343065
v -0.923880 -0.400000 -0.382683
v -1.019527 -0.386370 -0.422302
v -1.108655 -0.346410 -0.459220
v -1.185192 -0.282843 -0.490923
v -1.243921 -0.200000 -0.515249
v -1.280839 -0.103528 -0.530541
v -1.293431 -0.000000 -0.535757
v -1.212436 0.000000 -0.700000
v -1.200632 0.103528 -0.693185
v -1.166025 0.200000 -0.673205
v -1.110974 0.282843 -0.641421
v -1.039230 0.346410 -0.600000
v -0.955683 0.386370 -0.551764
v -0.866025 0.400000 -0.500000
v -0.776368 0.386370 -0.448236
v -0.692820 0.346410 -0.400000
v -0.621076 0.282843 -0.358579
v -0.566025 0.200000 -0.326795
v -0.531419 0.103528 -0.306815
v -0.519615 0.000000 -0.300000
v -0.531419 -0.103528 -0.306815
v -0.566025 -0.200000 -0.326795
v -0.621076 -0.282843 -0.358579
v -0.692820 -0.346410 -0.400000
v -0.776368 -0.386370 -0.448236
v -0.866025 -0.400000 -0.500000
v -0.955683 -0.386370 -0.551764
v -1.039230 -0.346410 -0.600000
v -1.110974 -0.282843 -0.641421
v -1.166025 -0.200000 -0.673205
v -1.200632 -0.103528 -0.693185
v -1.212436 -0.000000 -0.700000
v -1.110695 0.000000 -0.852266
v -1.099882 0.103528 -0.843969
v -1.068179 0.200000 -0.819643
v -1.017748 0.282843 -0.780945
v -0.952024 0.346410 -0.730514
v -0.875487 0.386370 -0.671785
v -0.793353 0.400000 -0.608761
v -0.711219 0.386370 -0.545738
v -0.634683 0.346410 -0.487009
v -0.568959 0.282843 -0.436578
v -0.518528 0.200000 -0.397880
v -0.486825 0.103528 -0.373554
v -0.476012 0.000000 -0.365257
v -0.486825 -0.103528 -0.373554
v -0.518528 -0.200000 -0.397880
v -0.568959 -0.282843 -0.436578
v -0.634683 -0.346410 -0.487009
v -0.711219 -0.386370 -0.545738
v -0.793353 -0.400000 -0.608761
v -0.875487 -0.386370 -0.671785
v -0.952024 -0.346410 -0.730514
v -1.017748 -0.282843 -0.780945
v -1.068179 -0.200000 -0.819643
v -1.099882 -0.103528 -0.843969
v -1.110695 -0.000000 -0.852266
v -0.989949 0.000000 -0.989949
v -0.980312 0.103528 -0.980312
v -0.952056 0.200000 -0.952056
v -0.907107 0.282843 -0.907107
v -0.848528 0.346410 -0.848528
v -0.780312 0.386370 -0.780312
v -0.707107 0.400000 -0.707107
v -0.633902 0.386370 -0.633902
v -0.565685 0.346410 -0.565685
v -0.507107 0.282843 -0.507107
v -0.462158 0.200000 -0.462158
v -0.433902 0.103528 -0.433902
v -0.424264 0.000000 -0.424264
v -0.433902 -0.103528 -0.433902
v -0.462158 -0.200000 -0.462158
v -0.507107 -0.282843 -0.507107
v -0.565685 -0.346410 -0.565685
v -0.633902 -0.386370 -0.633902
v -0.707107 -0.400000 -0.707107
v -0.780312 -0.386370 -0.780312
v -0.848528 -0.346410 -0.848528
v -0.907107 -0.282843 -0.907107
v -0.952056 -0.200000 -0.952056
v -0.980312 -0.103528 -0.980312
v -0.989949 -0.000000 -0.989949
v -0.852266 0.000000 -1.110695
v -0.843969 0.103528 -1.099882
v -0.819643 0.200000 -1.068179
v -0.780945 0.282843 -1.017748
v -0.730514 0.346410 -0.952024
v -0.671785 0.386370 -0.875487
v -0.608761 0.400000 -0.793353
v -0.545738 0.386370 -0.711219
v -0.487009 0.346410 -0.634683
v -0.436578 0.282843 -0.568959
v -0.397880 0.200000 -0.518528
v -0.373554 0.103528 -0.486825
v -0.365257 0.000000 -0.476012
v -0.373554 -0.103528 -0.486825
v -0.397880 -0.200000 -0.518528
v -0.436578 -0.282843 -0.568959
v -0.487009 -0.346410 -0.634683
v -0.545738 -0.386370 -0.711219
v -0.608761 -0.400000 -0.793353
v -0.671785 -0.386370 -0.875487
v -0.730514 -0.346410 -0.952024
v -0.780945 -0.282843 -1.017748
v -0.819643 -0.200000 -1.068179
v -0.843969 -0.103528 -1.099882
v -0.852266 -0.000000 -1.110695
v -0.700000 0.000000 -1.212436
v -0.693185 0.103528 -1.200632
v -0.673205 0.200000 -1.166025
v -0.641421 0.282843 -1.110974
v -0.600000 0.346410 -1.039230
v -0.551764 0.386370 -0.955683
v -0.500000 0.400000 -0.866025
v -0.448236 0.386370 -0.776368
v -0.400000 0.346410 -0.692820
v -0.358579 0.282843 -0.621076
v -0.326795 0.200000 -0.566025
v -0.306815 0.103528 -0.531419
v -0.300000 0.000000 -0.519615
v -0.306815 -0.103528 -0.531419
v -0.326795 -0.200000 -0.566025
v -0.358579 -0.282843 -0.621076
v -0.400000 -0.346410 -0.692820
v -0.448236 -0.386370 -0.776368
v -0.500000 -0.400000 -0.866025
v -0.551764 -0.386370 -0.955683
v -0.600000 -0.346410 -1.039230
v -0.641421 -0.282843 -1.110974
v -0.673205 -0.200000 -1.166025
v -0.693185 -0.103528 -1.200632
v -0.700000 -0.000000 -1.212436
v -0.535757 0.000000 -1.293431
v -0.530541 0.103528 -1.280839
v -0.515249 0.200000 -1.243921
v -0.490923 0.282843 -1.185192
v -0.459220 0.346410 -1.108655
v -0.422302 0.386370 -1.019527
v -0.382683 0.400000 -0.923880
v -0.343065 0.386370 -0.828232
v -0.306147 0.346410 -0.739104
v -0.274444 0.282843 -0.662567
v -0.250118 0.200000 -0.603838
v -0.234826 0.103528 -0.566920
v -0.229610 0.000000 -0.554328
v -0.234826 -0.103528 -0.566920
v -0.250118 -0.200000 -0.603838
v -0.274444 -0.282843 -0.662567
v -0.306147 -0.346410 -0.739104
v -0.343065 -0.386370 -0.828232
v -0.382683 -0.400000 -0.923880
v -0.422302 -0.386370 -1.019527
v -0.459220 -0.346410 -1.108655
v -0.490923 -0.282843 -1.185192
v -0.515249 -0.200000 -1.243921
v -0.530541 -0.103528 -1.280839
v -0.535757 -0.000000 -1.293431
v -0.362347 0.000000 -1.352296
v -0.358819 0.103528 -1.339131
v -0.348477 0.200000 -1.300532
v -0.332024 0.282843 -1.239131
v -0.310583 0.346410 -1.159111
v -0.285614 0.386370 -1.065926
v -0.258819 0.400000 -0.965926
v -0.232024 0.386370 -0.865926
v -0.207055 0.346410 -0.772741
v -0.185614 0.282843 -0.692721
v -0.169161 0.200000 -0.631319
v -0.158819 0.103528 -0.592721
v -0.155291 0.000000 -0.579555
v -0.158819 -0.103528 -0.592721
v -0.169161 -0.200000 -0.631319
v -0.185614 -0.282843 -0.692721
v -0.207055 -0.346410 -0.772741
v -0.232024 -0.386370 -0.865926
v -0.258819 -0.400000 -0.965926
v -0.285614 -0.386370 -1.065926
v -0.310583 -0.346410 -1.159111
v -0.332024 -0.282843 -1.239131
v -0.348477 -0.200000 -1.300532
v -0.358819 -0.103528 -1.339131
v -0.362347 -0.000000 -1.352296
v -0.182737 0.000000 -1.388023
v -0.180958 0.103528 -1.374510
v -0.175742 0.200000 -1.334891
v -0.167445 0.282843 -1.271868
v -0.156631 0.346410 -1.189734
v -0.144039 0.386370 -1.094087
v -0.130526 0.400000 -0.991445
v -0.117013 0.386370 -0.888803
v -0.104421 0.346410 -0.793156
v -0.093608 0.282843 -0.711022
v -0.085311 0.200000 -0.647998
v -0.080095 0.103528 -0.608380
v -0.078316 0.000000 -0.594867
v -0.080095 -0.103528 -0.608380
v -0.085311 -0.200000 -0.647998
v -0.093608 -0.282843 -0.711022
v -0.104421 -0.346410 -0.793156
v -0.117013 -0.386370 -0.888803
v -0.130526 -0.400000 -0.991445
v -0.144039 -0.386370 -1.094087
v -0.156631 -0.346410 -1.189734
v -0.167445 -0.282843 -1.271868
v -0.175742 -0.200000 -1.334891
v -0.180958 -0.103528 -1.374510
v -0.182737 -0.000000 -1.388023
v -0.000000 0.000000 -1.400000
v -0.000000 0.103528 -1.386370
v -0.000000 0.200000 -1.346410
v -0.000000 0.282843 -1.282843
v -0.000000 0.346410 -1.200000
v -0.000000 0.386370 -1.103528
v -0.000000 0.400000 -1.000000
v -0.000000 0.386370 -0.896472
v -0.000000 0.346410 -0.800000
v -0.000000 0.282843 -0.717157
v -0.000000 0.200000 -0.653590
v -0.000000 0.103528 -0.613630
v -0.000000 0.000000 -0.600000
v -0.000000 -0.103528 -0.613630
v -0.000000 -0.200000 -0.653590
v -0.000000 -0.282843 -0.717157
v -0.000000 -0.346410 -0.800000
v -0.000000 -0.386370 -0.896472
v -0.000000 -0.400000 -1.000000
v -0.000000 -0.386370 -1.103528
v -0.000000 -0.346410 -1.200000
v -0.000000 -0.282843 -1.282843
v -0.000000 -0.200000 -1.346410
v -0.000000 -0.103528 -1.386370
v -0.000000 -0.000000 -1.400000
v 0.182737 0.000000 -1.388023
v 0.180958 0.103528 -1.374510
v 0.175742 0.200000 -1.334891
v 0.167445 0.282843 -1.271868
v 0.156631 0.346410 -1.189734
v 0.144039 0.386370 -1.094087
v 0.130526 0.400000 -0.991445
v 0.117013 0.386370 -0.888803
v 0.104421 0.346410 -0.793156
v 0.093608 0.282843 -0.711022
v 0.085311 0.200000 -0.647998
v 0.080095 0.103528 -0.608380
v 0.078316 0.000000 -0.594867
v 0.080095 -0.103528 -0.608380
v 0.085311 -0.200000 -0.647998
v 0.093608 -0.282843 -0.711022
v 0.104421 -0.346410 -0.793156
v 0.117013 -0.386370 -0.888803
v 0.130526 -0.400000 -0.991445
v 0.144039 -0.386370 -1.094087
v 0.156631 -0.346410 -1.189734
v 0.167445 -0.282843 -1.271868
v 0.175742 -0.200000 -1.334891
v 0.180958 -0.103528 -1.374510
v 0.182737 -0.000000 -1.388023
v 0.362347 0.000000 -1.352296
v 0.358819 0.103528 -1.339131
v 0.348477 0.200000 -1.300532
v 0.332024 0.282843 -1.239131
v 0.310583 0.346410 -1.159111
v 0.285614 0.386370 -1.065926
v 0.258819 0.400000 -0.965926
v 0.232024 0.386370 -0.865926
v 0.207055 0.346410 -0.772741
v 0.185614 0.282843 -0.692721
v 0.169161 0.200000 -0.631319
v 0.158819 0.103528 -0.592721
v 0.155291 0.000000 -0.579555
v 0.158819 -0.103528 -0.592721
v 0.169161 -0.200000 -0.631319
v 0.185614 -0.282843 -0.692721
v 0.207055 -0.346410 -0.772741
v 0.232024 -0.386370 -0.865926
v 0.258819 -0.400000 -0.965926
v 0.285614 -0.386370 -1.065926
v 0.310583 -0.346410 -1.159111
v 0.332024 -0.282843 -1.239131
v 0.348477 -0.200000 -1.300532
v 0.358819 -0.103528 -1.339131
v 0.362347 -0.000000 -1.352296
v 0.535757 0.000000 -1.293431
v 0.530541 0.103528 -1.280839
v 0.515249 0.200000 -1.243921
v 0.490923 0.282843 -1.185192
v 0.459220 0.346410 -1.108655
v 0.422302 0.386370 -1.019527
v 0.382683 0.400000 -0.923880
v 0.343065 0.386370 -0.828232
v 0.306147 0.346410 -0.739104
v 0.274444 0.282843 -0.662567
v 0.250118 0.200000 -0.603838
v 0.234826 0.103528 -0.566920
v 0.229610 0.000000 -0.554328
v 0.234826 -0.103528 -0.566920
v 0.250118 -0.200000 -0.603838
v 0.274444 -0.282843 -0.662567
v 0.306147 -0.346410 -0.739104
v 0.343065 -0.386370 -0.828232
v 0.382683 -0.400000 -0.923880
v 0.422302 -0.386370 -1.019527
v 0.459220 -0.346410 -1.108655
v 0.490923 -0.282843 -1.185192
v 0.515249 -0.200000 -1.243921
v 0.530541 -0.103528 -1.280839
v 0.535757 -0.000000 -1.293431
v 0.700000 0.000000 -1.212436
v 0.693185 0.103528 -1.200632
v 0.673205 0.200000 -1.166025
v 0.641421 0.282843 -1.110974
v 0.600000 0.346410 -1.039230
v 0.551764 0.386370 -0.955683
v 0.500000 0.400000 -0.866025
v 0.448236 0.386370 -0.776368
v 0.400000 0.346410 -0.692820
v 0.358579 0.282843 -0.621076
v 0.326795 0.200000 -0.566025
v 0.306815 0.103528 -0.531419
v 0.300000 0.000000 -0.519615
v 0.306815 -0.103528 -0.531419
v 0.326795 -0.200000 -0.566025
v 0.358579 -0.282843 -0.621076
v 0.400000 -0.346410 -0.692820
v 0.448236 -0.386370 -0.776368
v 0.500000 -0.400000 -0.866025
v 0.551764 -0.386370 -0.955683
v 0.600000 -0.346410 -1.039230
v 0.641421 -0.282843 -1.110974
v 0.673205 -0.200000 -1.166025
v 0.693185 -0.103528 -1.200632
v 0.700000 -0.000000 -1.212436
v 0.852266 0.000000 -1.110695
v 0.843969 0.103528 -1.099882
v 0.819643 0.200000 -1.068179
v 0.780945 0.282843 -1.017748
v 0.730514 0.346410 -0.952024
v 0.671785 0.386370 -0.875487
v 0.608761 0.400000 -0.793353
v 0.545738 0.386370 -0.711219
v 0.487009 0.346410 -0.634683
v 0.436578 0.282843 -0.568959
v 0.397880 0.200000 -0.518528
v 0.373554 0.103528 -0.486825
v 0.365257 0.000000 -0.476012
v 0.373554 -0.103528 -0.486825
v 0.397880 -0.200000 -0.518528
v 0.436578 -0.282843 -0.568959
v 0.487009 -0.346410 -0.634683
v 0.545738 -0.386370 -0.711219
v 0.608761 -0.400000 -0.793353
v 0.671785 -0.386370 -0.875487
v 0.730514 -0.346410 -0.952024
v 0.780945 -0.282843 -1.017748
v 0.819643 -0.200000 -1.068179
v 0.843969 -0.103528 -1.099882
v 0.852266 -0.000000 -1.110695
v 0.989949 0.000000 -0.989949
v 0.980312 0.103528 -0.980312
v 0.952056 0.200000 -0.952056
v 0.907107 0.282843 -0.907107
v 0.848528 0.346410 -0.848528
v 0.780312 0.386370 -0.780312
v 0.707107 0.400000 -0.707107
v 0.633902 0.386370 -0.633902
v 0.565685 0.346410 -0.565685
v 0.507107 0.282843 -0.507107
v 0.462158 0.200000 -0.462158
v 0.433902 0.103528 -0.433902
v 0.424264 0.000000 -0.424264
v 0.433902 -0.103528 -0.433902
v 0.462158 -0.200000 -0.462158
v 0.507107 -0.282843 -0.507107
v 0.565685 -0.346410 -0.565685
v 0.633902 -0.386370 -0.633902
v 0.707107 -0.400000 -0.707107
v 0.780312 -0.386370 -0.780312
v 0.848528 -0.346410 -0.848528
v 0.907107 -0.282843 -0.907107
v 0.952056 -0.200000 -0.952056
v 0.980312 -0.103528 -0.980312
v 0.989949 -0.000000 -0.989949
v 1.110695 0.000000 -0.852266
v 1.099882 0.103528 -0.843969
v 1.068179 0.200000 -0.819643
v 1.017748 0.282843 -0.780945
v 0.952024 0.346410 -0.730514
v 0.875487 0.386370 -0.671785
v 0.793353 0.400000 -0.608761
v 0.711219 0.386370 -0.545738
v 0.634683 0.346410 -0.487009
v 0.568959 0.282843 -0.436578
v 0.518528 0.200000 -0.397880
v 0.486825 0.103528 -0.373554
v 0.476012 0.000000 -0.365257
v 0.486825 -0.103528 -0.373554
v 0.518528 -0.200000 -0.397880
v 0.568959 -0.282843 -0.436578
v 0.634683 -0.346410 -0.487009
v 0.711219 -0.386370 -0.545738
v 0.793353 -0.400000 -0.608761
v 0.875487 -0.386370 -0.671785
v 0.952024 -0.346410 -0.730514
v 1.017748 -0.282843 -0.780945
v 1.068179 -0.200000 -0.819643
v 1.099882 -0.103528 -0.843969
v 1.110695 -0.000000 -0.852266
v 1.212436 0.000000 -0.700000
v 1.200632 0.103528 -0.693185
v 1.166025 0.200000 -0.673205
v 1.110974 0.282843 -0.641421
v 1.039230 0.346410 -0.600000
v 0.955683 0.386370 -0.551764
v 0.866025 0.400000 -0.500000
v 0.776368 0.386370 -0.448236
v 0.692820 0.346410 -0.400000
v 0.621076 0.282843 -0.358579
v 0.566025 0.200000 -0.326795
v 0.531419 0.103528 -0.306815
v 0.519615 0.000000 -0.300000
v 0.531419 -0.103528 -0.306815
v 0.566025 -0.200000 -0.326795
v 0.621076 -0.282843 -0.358579
v 0.692820 -0.346410 -0.400000
v 0.776368 -0.386370 -0.448236
v 0.866025 -0.400000 -0.500000
v 0.955683 -0.386370 -0.551764
v 1.039230 -0.346410 -0.600000
v 1.110974 -0.282843 -0.641421
v 1.166025 -0.200000 -0.673205
v 1.200632 -0.103528 -0.693185
v 1.212436 -0.000000 -0.700000
v 1.293431 0.000000 -0.535757
v 1.280839 0.103528 -0.530541
v 1.243921 0.200000 -0.515249
v 1.185192 0.282843 -0.490923
v 1.108655 0.346410 -0.459220
v 1.019527 0.386370 -0.422302
v 0.923880 0.400000 -0.382683
v 0.828232 0.386370 -0.343065
v 0.739104 0.346410 -0.306147
v 0.662567 0.282843 -0.274444
v 0.603838 0.200000 -0.250118
v 0.566920 0.103528 -0.234826
v 0.554328 0.000000 -0.229610
v 0.566920 -0.103528 -0.234826
v 0.603838 -0.200000 -0.250118
v 0.662567 -0.282843 -0.274444
v 0.739104 -0.346410 -0.306147
v 0.828232 -0.386370 -0.343065
v 0.923880 -0.400000 -0.382683
v 1.019527 -0.386370 -0.422302
v 1.108655 -0.346410 -0.459220
v 1.185192 -0.282843 -0.490923
v 1.243921 -0.200000 -0.515249
v 1.280839 -0.103528 -0.530541
v 1.293431 -0.000000 -0.535757
v 1.352296 0.000000 -0.362347
v 1.339131 0.103528 -0.358819
v 1.300532 0.200000 -0.348477
v 1.239131 0.282843 -0.332024
v 1.159111 0.346410 -0.310583
v 1.065926 0.386370 -0.285614
v 0.965926 0.400000 -0.258819
v 0.865926 0.386370 -0.232024
v 0.772741 0.346410 -0.207055
v 0.692721 0.282843 -0.185614
v 0.631319 0.200000 -0.169161
v 0.592721 0.103528 -0.158819
v 0.579555 0.000000 -0.155291
v 0.592721 -0.103528 -0.158819
v 0.631319 -0.200000 -0.169161
v 0.692721 -0.282843 -0.185614
v 0.772741 -0.346410 -0.207055
v 0.865926 -0.386370 -0.232024
v 0.965926 -0.400000 -0.258819
v 1.065926 -0.386370 -0.285614
v 1.159111 -0.346410 -0.310583
v 1.239131 -0.282843 -0.332024
v 1.300532 -0.200000 -0.348477
v 1.339131 -0.103528 -0.358819
v 1.352296 -0.000000 -0.362347
v 1.388023 0.000000 -0.182737
v 1.374510 0.103528 -0.180958
v 1.334891 0.200000 -0.175742
v 1.271868 0.282843 -0.167445
v 1.189734 0.346410 -0.156631
v 1.094087 0.386370 -0.144039
v 0.991445 0.400000 -0.130526
v 0.888803 0.386370 -0.117013
v 0.793156 0.346410 -0.104421
v 0.711022 0.282843 -0.093608
v 0.647998 0.200000 -0.085311
v 0.608380 0.103528 -0.080095
v 0.594867 0.000000 -0.078316
v 0.608380 -0.103528 -0.080095
v 0.647998 -0.200000 -0.085311
v 0.711022 -0.282843 -0.093608
v 0.793156 -0.346410 -0.104421
v 0.888803 -0.386370 -0.117013
v 0.991445 -0.400000 -0.130526
v 1.094087 -0.386370 -0.144039
v 1.189734 -0.346410 -0.156631
v 1.271868 -0.282843 -0.167445
v 1.334891 -0.200000 -0.175742
v 1.374510 -0.103528 -0.180958
v 1.388023 -0.000000 -0.182737
v 1.400000 0.000000 -0.000000
v 1.386370 0.103528 -0.000000
v 1.346410 0.200000 -0.000000
v 1.282843 0.282843 -0.000000
v 1.200000 0.346410 -0.000000
v 1.103528 0.386370 -0.000000
v 1.000000 0.400000 -0.000000
v 0.896472 0.386370 -0.000000
v 0.800000 0.346410 -0.000000
v 0.717157 0.282843 -0.000000
v 0.653590 0.200000 -0.000000
v 0.613630 0.103528 -0.000000
v 0.600000 0.000000 -0.000000
v 0.613630 -0.103528 -0.000000
v 0.653590 -0.200000 -0.000000
v 0.717157 -0.282843 -0.000000
v 0.800000 -0.346410 -0.000000
v 0.896472 -0.386370 -0.000000
v 1.000000 -0.400000 -0.000000
v 1.103528 -0.386370 -0.000000
v 1.200000 -0.346410 -0.000000
v 1.282843 -0.282843 -0.000000
v 1.346410 -0.200000 -0.000000
v 1.386370 -0.103528 -0.000000
v 1.400000 -0.000000 -0.000000
vt 0.000000 0.000000
vt 0.000000 0.041667
vt 0.000000 0.083333
vt 0.000000 0.125000
vt 0.000000 0.166667
vt 0.000000 0.208333
vt 0.000000 0.250000
vt 0.000000 0.291667
vt 0.000000 0.333333
vt 0.000000 0.375000
vt 0.000000 0.416667
vt 0.000000 0.458333
vt 0.000000 0.500000
vt 0.000000 0.541667
vt 0.000000 0.583333
vt 0.000000 0.625000
vt 0.000000 0.666667
vt 0.000000 0.708333
vt 0.000000 0.750000
vt 0.000000 0.791667
vt 0.000000 0.833333
vt 0.000000 0.875000
vt 0.000000 0.916667
vt 0.000000 0.958333
vt 0.000000 1.000000
vt 0.020833 0.000000
vt 0.020833 0.041667
vt 0.020833 0.083333
vt 0.020833 0.125000
vt 0.020833 0.166667
vt 0.020833 0.208333
vt 0.020833 0.250000
vt 0.020833 0.291667
vt 0.020833 0.333333
vt 0.020833 0.375000
vt 0.020833 0.416667
vt 0.020833 0.458333
vt 0.020833 0.500000
vt 0.020833 0.541667
vt 0.020833 0.583333
vt 0.020833 0.625000
vt 0.020833 0.666667
vt 0.020833 0.708333
vt 0.020833 0.750000
vt 0.020833 0.791667
vt 0.020833 0.833333
vt 0.020833 0.875000
vt 0.020833 0.916667
vt 0.020833 0.958333
vt 0.020833 1.000000
vt 0.041667 0.000000
vt 0.041667 0.041667
vt 0.041667 0.083333
vt 0.041667 0.125000
vt 0.041667 0.166667
vt 0.041667 0.208333
vt 0.041667 0.250000
vt 0.041667 0.291667
vt 0.041667 0.333333
vt 0.041667 0.375000
vt 0.041667 0.416667
vt 0.041667 0.458333
vt 0.041667 0.500000
vt 0.041667 0.541667
vt 0.041667 0.583333
vt 0.041667 0.625000
vt 0.041667 0.666667
vt 0.041667 0.708333
vt 0.041667 0.750000
vt 0.041667 0.791667
vt 0.041667 0.833333
vt 0.041667 0.875000
vt 0.041667 0.916667
vt 0.041667 0.958333
vt 0.041667 1.000000
vt 0.062500 0.000000
vt 0.062500 0.041667
vt 0.062500 0.083333
vt 0.062500 0.125000
vt 0.062500 0.166667
vt 0.062500 0.208333
vt 0.062500 0.250000
vt 0.062500 0.291667
vt 0.062500 0.333333
vt 0.062500 0.375000
vt 0.062500 0.416667
vt 0.062500 0.458333
vt 0.062500 0.500000
vt 0.062500 0.541667
vt 0.062500 0.583333
vt 0.062500 0.625000
vt 0.062500 0.666667
vt 0.062500 0.708333
vt 0.062500 0.750000
vt 0.062500 0.791667
vt 0.062500 0.833333
vt 0.062500 0.875000
vt 0.062500 0.916667
vt 0.062500 0.958333
vt 0.062500 1.000000
vt 0.083333 0.000000
vt 0.083333 0.041667
vt 0.083333 0.083333
vt 0.083333 0.125000
vt 0.083333 0.166667
vt 0.083333 0.208333
vt 0.083333 0.250000
vt 0.083333 0.291667
vt 0.083333 0.333333
vt 0.083333 0.375000
vt 0.083333 0.416667
vt 0.083333 0.458333
vt 0.083333 0.500000
vt 0.083333 0.541667
vt 0.083333 0.583333
vt 0.083333 0.625000
vt 0.083333 0.666667
vt 0.083333 0.708333
vt 0.083333 0.750000
vt 0.083333 0.791667
vt 0.083333 0.833333
vt 0.083333 0.875000
vt 0.083333 0.916667
vt 0.083333 0.958333
vt 0.083333 1.000000
vt 0.104167 0.000000
vt 0.104167 0.041667
vt 0.104167 0.083333
vt 0.104167 0.125000
vt 0.104167 0.166667
vt 0.104167 0.208333
vt 0.104167 0.250000
vt 0.104167 0.291667
vt 0.104167 0.333333
vt 0.104167 0.375000
vt 0.104167 0.416667
vt 0.104167 0.458333
vt 0.104167 0.500000
vt 0.104167 0.541667
vt 0.104167 0.583333
vt 0.104167 0.625000
vt 0.104167 0.666667
vt 0.104167 0.708333
vt 0.104167 0.750000
vt 0.104167 0.791667
vt 0.104167 0.833333
vt 0.104167 0.875000
vt 0.104167 0.916667
vt 0.104167 0.958333
vt 0.104167 1.000000
vt 0.125000 0.000000
vt 0.125000 0.041667
vt 0.125000 0.083333
vt 0.125000 0.125000
vt 0.125000 0.166667
vt 0.125000 0.208333
vt 0.125000 0.250000
vt 0.125000 0.291667
vt 0.125000 0.333333
vt 0.125000 0.375000
vt 0.125000 0.416667
vt 0.125000 0.458333
vt 0.125000 0.500000
vt 0.125000 0.541667
vt 0.125000 0.583333
vt 0.125000 0.625000
vt 0.125000 0.666667
vt 0.125000 0.708333
vt 0.125000 0.750000
vt 0.125000 0.791667
vt 0.125000 0.833333
vt 0.125000 0.875000
vt 0.125000 0.916667
vt 0.125000 0.958333
vt 0.125000 1.000000
vt 0.145833 0.000000
vt 0.145833 0.041667
vt 0.145833 0.083333
vt 0.145833 0.125000
vt 0.145833 0.166667
vt 0.145833 0.208333
vt 0.145833 0.250000
vt 0.145833 0.291667
vt 0.145833 0.333333
vt 0.145833 0.375000
vt 0.145833 0.416667
vt 0.145833 0.458333
vt 0.145833 0.500000
vt 0.145833 0.541667
vt 0.145833 0.583333
vt 0.145833 0.625000
vt 0.145833 0.666667
vt 0.145833 0.708333
vt 0.145833 0.750000
vt 0.145833 0.791667
vt 0.145833 0.833333
vt 0.145833 0.875000
vt 0.145833 0.916667
vt 0.145833 0.958333
vt 0.145833 1.000000
vt 0.166667 0.000000
vt 0.166667 0.041667
vt 0.166667 0.083333
vt 0.166667 0.125000
vt 0.166667 0.166667
vt 0.166667 0.208333
vt 0.166667 0.250000
vt 0.166667 0.291667
vt 0.166667 0.333333
vt 0.166667 0.375000
vt 0.166667 0.416667
vt 0.166667 0.458333
vt 0.166667 0.500000
vt 0.166667 0.541667
vt 0.166667 0.583333
vt 0.166667 0.625000
vt 0.166667 0.666667
vt 0.166667 0.708333
vt 0.166667 0.750000
vt 0.166667 0.791667
vt 0.166667 0.833333
vt 0.166667 0.875000
vt 0.166667 0.916667
vt 0.166667 0.958333
vt 0.166667 1.000000
vt 0.187500 0.000000
vt 0.187500 0.041667
vt 0.187500 0.083333
vt 0.187500 0.125000
vt 0.187500 0.166667
vt 0.187500 0.208333
vt 0.187500 0.250000
vt 0.187500 0.291667
vt 0.187500 0.333333
vt 0.187500 0.375000
vt 0.187500 0.416667
vt 0.187500 0.458333
vt 0.187500 0.500000
vt 0.187500 0.541667
vt 0.187500 0.583333
vt 0.187500 0.625000
vt 0.187500 0.666667
vt 0.187500 0.708333
vt 0.187500 0.750000
vt 0.187500 0.791667
vt 0.187500 0.833333
vt 0.187500 0.875000
vt 0.187500 0.916667
vt 0.187500 0.958333
vt 0.187500 1.000000
vt 0.208333 0.000000
vt 0.208333 0.041667
vt 0.208333 0.083333
vt 0.208333 0.125000
vt 0.208333 0.166667
vt 0.208333 0.208333
vt 0.208333 0.250000
vt 0.208333 0.291667
vt 0.208333 0.333333
vt 0.208333 0.375000
vt 0.208333 0.416667
vt 0.208333 0.458333
vt 0.208333 0.500000
vt 0.208333 0.541667
vt 0.208333 0.583333
vt 0.208333 0.625000
vt 0.208333 0.666667
vt 0.208333 0.708333
vt 0.208333 0.750000
vt 0.208333 0.791667
vt 0.208333 0.833333
vt 0.208333 0.875000
vt 0.208333 0.916667
vt 0.208333 0.958333
vt 0.208333 1.000000
vt 0.229167 0.000000
vt 0.229167 0.041667
vt 0.229167 0.083333
vt 0.229167 0.125000
vt 0.229167 0.166667
vt 0.229167 0.208333
vt 0.229167 0.250000
vt 0.229167 0.291667
vt 0.229167 0.333333
vt 0.229167 0.375000
vt 0.229167 0.416667
vt 0.229167 0.458333
vt 0.229167 0.500000
vt 0.229167 0.541667
vt 0.229167 0.583333
vt 0.229167 0.625000
vt 0.229167 0.666667
vt 0.229167 0.708333
vt 0.229167 0.750000
vt 0.229167 0.791667
vt 0.229167 0.833333
vt 0.229167 0.875000
vt 0.229167 0.916667
vt 0.229167 0.958333
vt 0.229167 1.000000
vt 0.250000 0.000000
vt 0.250000 0.041667
vt 0.250000 0.083333
vt 0.250000 0.125000
vt 0.250000 0.166667
vt 0.250000 0.208333
vt 0.250000 0.250000
vt 0.250000 0.291667
vt 0.250000 0.333333
vt 0.250000 0.375000
vt 0.250000 0.416667
vt 0.250000 0.458333
vt 0.250000 0.500000
vt 0.250000 0.541667
vt 0.250000 0.583333
vt 0.250000 0.625000
vt 0.250000 0.666667
vt 0.250000 0.708333
vt 0.250000 0.750000
vt 0.250000 0.791667
vt 0.250000 0.833333
vt 0.250000 0.875000
vt 0.250000 0.916667
vt 0.250000 0.958333
vt 0.250000 1.000000
vt 0.270833 0.000000
vt 0.270833 0.041667
vt 0.270833 0.083333
vt 0.270833 0.125000
vt 0.270833 0.166667
vt 0.270833 0.208333
vt 0.270833 0.250000
vt 0.270833 0.291667
vt 0.270833 0.333333
vt 0.270833 0.375000
vt 0.270833 0.416667
vt 0.270833 0.458333
vt 0.270833 0.500000
vt 0.270833 0.541667
vt 0.270833 0.583333
vt 0.270833 0.625000
vt 0.270833 0.666667
vt 0.270833 0.708333
vt 0.270833 0.750000
vt 0.270833 0.791667
vt 0.270833 0.833333
vt 0.270833 0.875000
vt 0.270833 0.916667
vt 0.270833 0.958333
vt 0.270833 1.000000
vt 0.291667 0.000000
vt 0.291667 0.041667
vt 0.291667 0.083333
vt 0.291667 0.125000
vt 0.291667 0.166667
vt 0.291667 0.208333
vt 0.291667 0.250000
vt 0.291667 0.291667
vt 0.291667 0.333333
vt 0.291667 0.375000
vt 0.291667 0.416667
vt 0.291667 0.458333
vt 0.291667 0.500000
vt 0.291667 0.541667
vt 0.291667 0.583333
vt 0.291667 0.625000
vt 0.291667 0.666667
vt 0.291667 0.708333
vt 0.291667 0.750000
vt 0.291667 0.791667
vt 0.291667 0.833333
vt 0.291667 0.875000
vt 0.291667 0.916667
vt 0.291667 0.958333
vt 0.291667 1.000000
vt 0.312500 0.000000
vt 0.312500 0.041667
vt 0.312500 0.083333
vt 0.312500 0.125000
vt 0.312500 0.166667
vt 0.312500 0.208333
vt 0.312500 0.250000
vt 0.312500 0.291667
vt 0.312500 0.333333
vt 0.312500 0.375000
vt 0.312500 0.416667
vt 0.312500 0.458333
vt 0.312500 0.500000
vt 0.312500 0.541667
vt 0.312500 0.583333
vt 0.312500 0.625000
vt 0.312500 0.666667
vt 0.312500 0.708333
vt 0.312500 0.750000
vt 0.312500 0.791667
vt 0.312500 0.833333
vt 0.312500 0.875000
vt 0.312500 0.916667
vt 0.312500 0.958333
vt 0.312500 1.000000
vt 0.333333 0.000000
vt 0.333333 0.041667
vt 0.333333 0.083333
vt 0.333333 0.125000
vt 0.333333 0.166667
vt 0.333333 0.208333
vt 0.333333 0.250000
vt 0.333333 0.291667
vt 0.333333 0.333333
vt 0.333333 0.375000
vt 0.333333 0.416667
vt 0.333333 0.458333
vt 0.333333 0.500000
vt 0.333333 0.541667
vt 0.333333 0.583333
vt 0.333333 0.625000
vt 0.333333 0.666667
vt 0.333333 0.708333
vt 0.333333 0.750000
vt 0.333333 0.791667
vt 0.333333 0.833333
vt 0.333333 0.875000
vt 0.333333 0.916667
vt 0.333333 0.958333
vt 0.333333 1.000000
vt 0.354167 0.000000
vt 0.354167 0.041667
vt 0.354167 0.083333
vt 0.354167 0.125000
vt 0.354167 0.166667
vt 0.354167 0.208333
vt 0.354167 0.250000
vt 0.354167 0.291667
vt 0.354167 0.333333
vt 0.354167 0.375000
vt 0.354167 0.416667
vt 0.354167 0.458333
vt 0.354167 0.500000
vt 0.354167 0.541667
vt 0.354167 0.583333
vt 0.354167 0.625000
vt 0.354167 0.666667
vt 0.354167 0.708333
vt 0.354167 0.750000
vt 0.354167 0.791667
vt 0.354167 0.833333
vt 0.354167 0.875000
vt 0.354167 0.916667
vt 0.354167 0.958333
vt 0.354167 1.000000
vt 0.375000 0.000000
vt 0.375000 0.041667
vt 0.375000 0.083333
vt 0.375000 0.125000
vt 0.375000 0.166667
vt 0.375000 0.208333
vt 0.375000 0.250000
vt 0.375000 0.291667
vt 0.375000 0.333333
vt 0.375000 0.375000
vt 0.375000 0.416667
vt 0.375000 0.458333
vt 0.375000 0.500000
vt 0.375000 0.541667
vt 0.375000 0.583333
vt 0.375000 0.625000
vt 0.375000 0.666667
vt 0.375000 0.708333
vt 0.375000 0.750000
vt 0.375000 0.791667
vt 0.375000 0.833333
vt 0.375000 0.875000
vt 0.375000 0.916667
vt 0.375000 0.958333
vt 0.375000 1.000000
vt 0.395833 0.000000
vt 0.395833 0.041667
vt 0.395833 0.083333
vt 0.395833 0.125000
vt 0.395833 0.166667
vt 0.395833 0.208333
vt 0.395833 0.250000
vt 0.395833 0.291667
vt 0.395833 0.333333
vt 0.395833 0.375000
vt 0.395833 0.416667
vt 0.395833 0.458333
vt 0.395833 0.500000
vt 0.395833 0.541667
vt 0.395833 0.583333
vt 0.395833 0.625000
vt 0.395833 0.666667
vt 0.395833 0.708333
vt 0.395833 0.750000
vt 0.395833 0.791667
vt 0.395833 0.833333
vt 0.395833 0.875000
vt 0.395833 0.916667
vt 0.395833 0.958333
vt 0.395833 1.000000
vt 0.416667 0.000000
vt 0.416667 0.041667
vt 0.416667 0.083333
vt 0.416667 0.125000
vt 0.416667 0.166667
vt 0.416667 0.208333
vt 0.416667 0.250000
vt 0.416667 0.291667
vt 0.416667 0.333333
vt 0.416667 0.375000
vt 0.416667 0.416667
vt 0.416667 0.458333
vt 0.416667 0.500000
vt 0.416667 0.541667
vt 0.416667 0.583333
vt 0.416667 0.625000
vt 0.416667 0.666667
vt 0.416667 0.708333
vt 0.416667 0.750000
vt 0.416667 0.791667
vt 0.416667 0.833333
vt 0.416667 0.875000
vt 0.416667 0.916667
vt 0.416667 0.958333
vt 0.416667 1.000000
vt 0.437500 0.000000
vt 0.437500 0.041667
vt 0.437500 0.083333
vt 0.437500 0.125000
vt 0.437500 0.166667
vt 0.437500 0.208333
vt 0.437500 0.250000
vt 0.437500 0.291667
vt 0.437500 0.333333
vt 0.437500 0.375000
vt 0.437500 0.416667
vt 0.437500 0.458333
vt 0.437500 0.500000
vt 0.437500 0.541667
vt 0.437500 0.583333
vt 0.437500 0.625000
vt 0.437500 0.666667
vt 0.437500 0.708333
vt 0.437500 0.750000
vt 0.437500 0.791667
vt 0.437500 0.833333
vt 0.437500 0.875000
vt 0.437500 0.916667
vt 0.437500 0.958333
vt 0.437500 1.000000
vt 0.458333 0.000000
vt 0.458333 0.041667
vt 0.458333 0.083333
vt 0.458333 0.125000
vt 0.458333 0.166667
vt 0.458333 0.208333
vt 0.458333 0.250000
vt 0.458333 0.291667
vt 0.458333 0.333333
vt 0.458333 0.375000
vt 0.458333 0.416667
vt 0.458333 0.458333
vt 0.458333 0.500000
vt 0.458333 0.541667
vt 0.458333 0.583333
vt 0.458333 0.625000
vt 0.458333 0.666667
vt 0.458333 0.708333
vt 0.458333 0.750000
vt 0.458333 0.791667
vt 0.458333 0.833333
vt 0.458333 0.875000
vt 0.458333 0.916667
vt 0.458333 0.958333
vt 0.458333 1.000000
vt 0.479167 0.000000
vt 0.479167 0.041667
vt 0.479167 0.083333
vt 0.479167 0.125000
vt 0.479167 0.166667
vt 0.479167 0.208333
vt 0.479167 0.250000
vt 0.479167 0.291667
vt 0.479167 0.333333
vt 0.479167 0.375000
vt 0.479167 0.416667
vt 0.479167 0.458333
vt 0.479167 0.500000
vt 0.479167 0.541667
vt 0.479167 0.583333
vt 0.479167 0.625000
vt 0.479167 0.666667
vt 0.479167 0.708333
vt 0.479167 0.750000
vt 0.479167 0.791667
vt 0.479167 0.833333
vt 0.479167 0.875000
vt 0.479167 0.916667
vt 0.479167 0.958333
vt 0.479167 1.000000
vt 0.500000 0.000000
vt 0.500000 0.041667
vt 0.500000 0.083333
vt 0.500000 0.125000
vt 0.500000 0.166667
vt 0.500000 0.208333
vt 0.500000 0.250000
vt 0.500000 0.291667
vt 0.500000 0.333333
vt 0.500000 0.375000
vt 0.500000 0.416667
vt 0.500000 0.458333
vt 0.500000 0.500000
vt 0.500000 0.541667
vt 0.500000 0.583333
vt 0.500000 0.625000
vt 0.500000 0.666667
vt 0.500000 0.708333
vt 0.500000 0.750000
vt 0.500000 0.791667
vt 0.500000 0.833333
vt 0.500000 0.875000
vt 0.500000 0.916667
vt 0.500000 0.958333
vt 0.500000 1.000000
vt 0.520833 0.000000
vt 0.520833 0.041667
vt 0.520833 0.083333
vt 0.520833 0.125000
vt 0.520833 0.166667
vt 0.520833 0.208333
vt 0.520833 0.250000
vt 0.520833 0.291667
vt 0.520833 0.333333
vt 0.520833 0.375000
vt 0.520833 0.416667
vt 0.520833 0.458333
vt 0.520833 0.500000
vt 0.520833 0.541667
vt 0.520833 0.583333
vt 0.520833 0.625000
vt 0.520833 0.666667
vt 0.520833 0.708333
vt 0.520833 0.750000
vt 0.520833 0.791667
vt 0.520833 0.833333
vt 0.520833 0.875000
vt 0.520833 0.916667
vt 0.520833 0.958333
vt 0.520833 1.000000
vt 0.541667 0.000000
vt 0.541667 0.041667
vt 0.541667 0.083333
vt 0.541667 0.125000
vt 0.541667 0.166667
vt 0.541667 0.208333
vt 0.541667 0.250000
vt 0.541667 0.291667
vt 0.541667 0.333333
vt 0.541667 0.375000
vt 0.541667 0.416667
vt 0.541667 0.458333
vt 0.541667 0.500000
vt 0.541667 0.541667
vt 0.541667 0.583333
vt 0.541667 0.625000
vt 0.541667 0.666667
vt 0.541667 0.708333
vt 0.541667 0.750000
vt 0.541667 0.791667
vt 0.541667 0.833333
vt 0.541667 0.875000
vt 0.541667 0.916667
vt 0.541667 0.958333
vt 0.541667 1.000000
vt 0.562500 0.000000
vt 0.562500 0.041667
vt 0.562500 0.083333
vt 0.562500 0.125000
vt 0.562500 0.166667
vt 0.562500 0.208333
vt 0.562500 0.250000
vt 0.562500 0.291667
vt 0.562500 0.333333
vt 0.562500 0.375000
vt 0.562500 0.416667
vt 0.562500 0.458333
vt 0.562500 0.500000
vt 0.562500 0.541667
vt 0.562500 0.583333
vt 0.562500 0.625000
vt 0.562500 0.666667
vt 0.562500 0.708333
vt 0.562500 0.750000
vt 0.562500 0.791667
vt 0.562500 0.833333
vt 0.562500 0.875000
vt 0.562500 0.916667
vt 0.562500 0.958333
vt 0.562500 1.000000
vt 0.583333 0.000000
vt 0.583333 0.041667
vt 0.583333 0.083333
vt 0.583333 0.125000
vt 0.583333 0.166667
vt 0.583333 0.208333
vt 0.583333 0.250000
vt 0.583333 0.291667
vt 0.583333 0.333333
vt 0.583333 0.375000
vt 0.583333 0.416667
vt 0.583333 0.458333
vt 0.583333 0.500000
vt 0.583333 0.541667
vt 0.583333 0.583333
vt 0.583333 0.625000
vt 0.583333 0.666667
vt 0.583333 0.708333
vt 0.583333 0.750000
vt 0.583333 0.791667
vt 0.583333 0.833333
vt 0.583333 0.875000
vt 0.583333 0.916667
vt 0.583333 0.958333
vt 0.583333 1.000000
vt 0.604167 0.000000
vt 0.604167 0.041667
vt 0.604167 0.083333
vt 0.604167 0.125000
vt 0.604167 0.166667
vt 0.604167 0.208333
vt 0.604167 0.250000
vt 0.604167 0.291667
vt 0.604167 0.333333
vt 0.604167 0.375000
vt 0.604167 0.416667
vt 0.604167 0.458333
vt 0.604167 0.500000
vt 0.604167 0.541667
vt 0.604167 0.583333
vt 0.604167 0.625000
vt 0.604167 0.666667
vt 0.604167 0.708333
vt 0.604167 0.750000
vt 0.604167 0.791667
vt 0.604167 0.833333
vt 0.604167 0.875000
vt 0.604167 0.916667
vt 0.604167 0.958333
vt 0.604167 1.000000
vt 0.625000 0.000000
vt 0.625000 0.041667
vt 0.625000 0.083333
vt 0.625000 0.125000
vt 0.625000 0.166667
vt 0.625000 0.208333
vt 0.625000 0.250000
vt 0.625000 0.291667
vt 0.625000 0.333333
vt 0.625000 0.375000
vt 0.625000 0.416667
vt 0.625000 0.458333
vt 0.625000 0.500000
vt 0.625000 0.541667
vt 0.625000 0.583333
vt 0.625000 0.625000
vt 0.625000 0.666667
vt 0.625000 0.708333
vt 0.625000 0.750000
vt 0.625000 0.791667
vt 0.625000 0.833333
vt 0.625000 0.875000
vt 0.625000 0.916667
vt 0.625000 0.958333
vt 0.625000 1.000000
vt 0.645833 0.000000
vt 0.645833 0.041667
vt 0.645833 0.083333
vt 0.645833 0.125000
vt 0.645833 0.166667
vt 0.645833 0.208333
vt 0.645833 0.250000
vt 0.645833 0.291667
vt 0.645833 0.333333
vt 0.645833 0.375000
vt 0.645833 0.416667
vt 0.645833 0.458333
vt 0.645833 0.500000
vt 0.645833 0.541667
vt 0.645833 0.583333
vt 0.645833 0.625000
vt 0.645833 0.666667
vt 0.645833 0.708333
vt 0.645833 0.750000
vt 0.645833 0.791667
vt 0.645833 0.833333
vt 0.645833 0.875000
vt 0.645833 0.916667
vt 0.645833 0.958333
vt 0.645833 1.000000
vt 0.666667 0.000000
vt 0.666667 0.041667
vt 0.666667 0.083333
vt 0.666667 0.125000
vt 0.666667 0.166667
vt 0.666667 0.208333
vt 0.666667 0.250000
vt 0.666667 0.291667
vt 0.666667 0.333333
vt 0.666667 0.375000
vt 0.666667 0.416667
vt 0.666667 0.458333
vt 0.666667 0.500000
vt 0.666667 0.541667
vt 0.666667 0.583333
vt 0.666667 0.625000
vt 0.666667 0.666667
vt 0.666667 0.708333
vt 0.666667 0.750000
vt 0.666667 0.791667
vt 0.666667 0.833333
vt 0.666667 0.875000
vt 0.666667 0.916667
vt 0.666667 0.958333
vt 0.666667 1.000000
vt 0.687500 0.000000
vt 0.687500 0.041667
vt 0.687500 0.083333
vt 0.687500 0.125000
vt 0.687500 0.166667
vt 0.687500 0.208333
vt 0.687500 0.250000
vt 0.687500 0.291667
vt 0.687500 0.333333
vt 0.687500 0.375000
vt 0.687500 0.416667
vt 0.687500 0.458333
vt 0.687500 0.500000
vt 0.687500 0.541667
vt 0.687500 0.583333
vt 0.687500 0.625000
vt 0.687500 0.666667
vt 0.687500 0.708333
vt 0.687500 0.750000
vt 0.687500 0.791667
vt 0.687500 0.833333
vt 0.687500 0.875000
vt 0.687500 0.916667
vt 0.687500 0.958333
vt 0.687500 1.000000
vt 0.708333 0.000000
vt 0.708333 0.041667
vt 0.708333 0.083333
vt 0.708333 0.125000
vt 0.708333 0.166667
vt 0.708333 0.208333
vt 0.708333 0.250000
vt 0.708333 0.291667
vt 0.708333 0.333333
vt 0.708333 0.375000
vt 0.708333 0.416667
vt 0.708333 0.458333
vt 0.708333 0.500000
vt 0.708333 0.541667
vt 0.708333 0.583333
vt 0.708333 0.625000
vt 0.708333 0.666667
vt 0.708333 0.708333
vt 0.708333 0.750000
vt 0.708333 0.791667
vt 0.708333 0.833333
vt 0.708333 0.875000
vt 0.708333 0.916667
vt 0.708333 0.958333
vt 0.708333 1.000000
vt 0.729167 0.000000
vt 0.729167 0.041667
vt 0.729167 0.083333
vt 0.729167 0.125000
vt 0.729167 0.166667
vt 0.729167 0.208333
vt 0.729167 0.250000
vt 0.729167 0.291667
vt 0.729167 0.333333
vt 0.729167 0.375000
vt 0.729167 0.416667
vt 0.729167 0.458333
vt 0.729167 0.500000
vt 0.729167 0.541667
vt 0.729167 0.583333
vt 0.729167 0.625000
vt 0.729167 0.666667
vt 0.729167 0.708333
vt 0.729167 0.750000
vt 0.729167 0.791667
vt 0.729167 0.833333
vt 0.729167 0.875000
vt 0.729167 0.916667
vt 0.729167 0.958333
vt 0.729167 1.000000
vt 0.750000 0.000000
vt 0.750000 0.041667
vt 0.750000 0.083333
vt 0.750000 0.125000
vt 0.750000 0.166667
vt 0.750000 0.208333
vt 0.750000 0.250000
vt 0.750000 0.291667
vt 0.750000 0.333333
vt 0.750000 0.375000
vt 0.750000 0.416667
vt 0.750000 0.458333
vt 0.750000 0.500000
vt 0.750000 0.541667
vt 0.750000 0.583333
vt 0.750000 0.625000
vt 0.750000 0.666667
vt 0.750000 0.708333
vt 0.750000 0.750000
vt 0.750000 0.791667
vt 0.750000 0.833333
vt 0.750000 0.875000
vt 0.750000 0.916667
vt 0.750000 0.958333
vt 0.750000 1.000000
vt 0.770833 0.000000
vt 0.770833 0.041667
vt 0.770833 0.083333
vt 0.770833 0.125000
vt 0.770833 0.166667
vt 0.770833 0.208333
vt 0.770833 0.250000
vt 0.770833 0.291667
vt 0.770833 0.333333
vt 0.770833 0.375000
vt 0.770833 0.416667
vt 0.770833 0.458333
vt 0.770833 0.500000
vt 0.770833 0.541667
vt 0.770833 0.583333
vt 0.770833 0.625000
vt 0.770833 0.666667
vt 0.770833 0.708333
vt 0.770833 0.750000
vt 0.770833 0.791667
vt 0.770833 0.833333
vt 0.770833 0.875000
vt 0.770833 0.916667
vt 0.770833 0.958333
vt 0.770833 1.000000
vt 0.791667 0.000000
vt 0.791667 0.041667
vt 0.791667 0.083333
vt 0.791667 0.125000
vt 0.791667 0.166667
vt 0.791667 0.208333
vt 0.791667 0.250000
vt 0.791667 0.291667
vt 0.791667 0.333333
vt 0.791667 0.375000
vt 0.791667 0.416667
vt 0.791667 0.458333
vt 0.791667 0.500000
vt 0.791667 0.541667
vt 0.791667 0.583333
vt 0.791667 0.625000
vt 0.791667 0.666667
vt 0.791667 0.708333
vt 0.791667 0.750000
vt 0.791667 0.791667
vt 0.791667 0.833333
vt 0.791667 0.875000
vt 0.791667 0.916667
vt 0.791667 0.958333
vt 0.791667 1.000000
vt 0.812500 0.000000
vt 0.812500 0.041667
vt 0.812500 0.083333
vt 0.812500 0.125000
vt 0.812500 0.166667
vt 0.812500 0.208333
vt 0.812500 0.250000
vt 0.812500 0.291667
vt 0.812500 0.333333
vt 0.812500 0.375000
vt 0.812500 0.416667
vt 0.812500 0.458333
vt 0.812500 0.500000
vt 0.812500 0.541667
vt 0.812500 0.583333
vt 0.812500 0.625000
vt 0.812500 0.666667
vt 0.812500 0.708333
vt 0.812500 0.750000
vt 0.812500 0.791667
vt 0.812500 0.833333
vt 0.812500 0.875000
vt 0.812500 0.916667
vt 0.812500 0.958333
vt 0.812500 1.000000
vt 0.833333 0.000000
vt 0.833333 0.041667
vt 0.833333 0.083333
vt 0.833333 0.125000
vt 0.833333 0.166667
vt 0.833333 0.208333
vt 0.833333 0.250000
vt 0.833333 0.291667
vt 0.833333 0.333333
vt 0.833333 0.375000
vt 0.833333 0.416667
vt 0.833333 0.458333
vt 0.833333 0.500000
vt 0.833333 0.541667
vt 0.833333 0.583333
vt 0.833333 0.625000
vt 0.833333 0.666667
vt 0.833333 0.708333
vt 0.833333 0.750000
vt 0.833333 0.791667
vt 0.833333 0.833333
vt 0.833333 0.875000
vt 0.833333 0.916667
vt 0.833333 0.958333
vt 0.833333 1.000000
vt 0.854167 0.000000
vt 0.854167 0.041667
vt 0.854167 0.083333
vt 0.854167 0.125000
vt 0.854167 0.166667
vt 0.854167 0.208333
vt 0.854167 0.250000
vt 0.854167 0.291667
vt 0.854167 0.333333
vt 0.854167 0.375000
vt 0.854167 0.416667
vt 0.854167 0.458333
vt 0.854167 0.500000
vt 0.854167 0.541667
vt 0.854167 0.583333
vt 0.854167 0.625000
vt 0.854167 0.666667
vt 0.854167 0.708333
vt 0.854167 0.750000
vt 0.854167 0.791667
vt 0.854167 0.833333
vt 0.854167 0.875000
vt 0.854167 0.916667
vt 0.854167 0.958333
vt 0.854167 1.000000
vt 0.875000 0.000000
vt 0.875000 0.041667
vt 0.875000 0.083333
vt 0.875000 0.125000
vt 0.875000 0.166667
vt 0.875000 0.208333
vt 0.875000 0.250000
vt 0.875000 0.291667
vt 0.875000 0.333333
vt 0.875000 0.375000
vt 0.875000 0.416667
vt 0.875000 0.458333
vt 0.875000 0.500000
vt 0.875000 0.541667
vt 0.875000 0.583333
vt 0.875000 0.625000
vt 0.875000 0.666667
vt 0.875000 0.708333
vt 0.875000 0.750000
vt 0.875000 0.791667
vt 0.875000 0.833333
vt 0.875000 0.875000
vt 0.875000 0.916667
vt 0.875000 0.958333
vt 0.875000 1.000000
vt 0.895833 0.000000
vt 0.895833 0.041667
vt 0.895833 0.083333
vt 0.895833 0.125000
vt 0.895833 0.166667
vt 0.895833 0.208333
vt 0.895833 0.250000
vt 0.895833 0.291667
vt 0.895833 0.333333
vt 0.895833 0.375000
vt 0.895833 0.416667
vt 0.895833 0.458333
vt 0.895833 0.500000
vt 0.895833 0.541667
vt 0.895833 0.583333
vt 0.895833 0.625000
vt 0.895833 0.666667
vt 0.895833 0.708333
vt 0.895833 0.750000
vt 0.895833 0.791667
vt 0.895833 0.833333
vt 0.895833 0.875000
vt 0.895833 0.916667
vt 0.895833 0.958333
vt 0.895833 1.000000
vt 0.916667 0.000000
vt 0.916667 0.041667
vt 0.916667 0.083333
vt 0.916667 0.125000
vt 0.916667 0.166667
vt 0.916667 0.208333
vt 0.916667 0.250000
vt 0.916667 0.291667
vt 0.916667 0.333333
vt 0.916667 0.375000
vt 0.916667 0.416667
vt 0.916667 0.458333
vt 0.916667 0.500000
vt 0.916667 0.541667
vt 0.916667 0.583333
vt 0.916667 0.625000
vt 0.916667 0.666667
vt 0.916667 0.708333
vt 0.916667 0.750000
vt 0.916667 0.791667
vt 0.916667 0.833333
vt 0.916667 0.875000
vt 0.916667 0.916667
vt 0.916667 0.958333
vt 0.916667 1.000000
vt 0.937500 0.000000
vt 0.937500 0.041667
vt 0.937500 0.083333
vt 0.937500 0.125000
vt 0.937500 0.166667
vt 0.937500 0.208333
vt 0.937500 0.250000
vt 0.937500 0.291667
vt 0.937500 0.333333
vt 0.937500 0.375000
vt 0.937500 0.416667
vt 0.937500 0.458333
vt 0.937500 0.500000
vt 0.937500 0.541667
vt 0.937500 0.583333
vt 0.937500 0.625000
vt 0.937500 0.666667
vt 0.937500 0.708333
vt 0.937500 0.750000
vt 0.937500 0.791667
vt 0.937500 0.833333
vt 0.937500 0.875000
vt 0.937500 0.916667
vt 0.937500 0.958333
vt 0.937500 1.000000
vt 0.958333 0.000000
vt 0.958333 0.041667
vt 0.958333 0.083333
vt 0.958333 0.125000
vt 0.958333 0.166667
vt 0.958333 0.208333
vt 0.958333 0.250000
vt 0.958333 0.291667
vt 0.958333 0.333333
vt 0.958333 0.375000
vt 0.958333 0.416667
vt 0.958333 0.458333
vt 0.958333 0.500000
vt 0.958333 0.541667
vt 0.958333 0.583333
vt 0.958333 0.625000
vt 0.958333 0.666667
vt 0.958333 0.708333
vt 0.958333 0.750000
vt 0.958333 0.791667
vt 0.958333 0.833333
vt 0.958333 0.875000
vt 0.958333 0.916667
vt 0.958333 0.958333
vt 0.958333 1.000000
vt 0.979167 0.000000
vt 0.979167 0.041667
vt 0.979167 0.083333
vt 0.979167 0.125000
vt 0.979167 0.166667
vt 0.979167 0.208333
vt 0.979167 0.250000
vt 0.979167 0.291667
vt 0.979167 0.333333
vt 0.979167 0.375000
vt 0.979167 0.416667
vt 0.979167 0.458333
vt 0.979167 0.500000
vt 0.979167 0.541667
vt 0.979167 0.583333
vt 0.979167 0.625000
vt 0.979167 0.666667
vt 0.979167 0.708333
vt 0.979167 0.750000
vt 0.979167 0.791667
vt 0.979167 0.833333
vt 0.979167 0.875000
vt 0.979167 0.916667
vt 0.979167 0.958333
vt 0.979167 1.000000
vt 1.000000 0.000000
vt 1.000000 0.041667
vt 1.000000 0.083333
vt 1.000000 0.125000
vt 1.000000 0.166667
vt 1.000000 0.208333
vt 1.000000 0.250000
vt 1.000000 0.291667
vt 1.000000 0.333333
vt 1.000000 0.375000
vt 1.000000 0.416667
vt 1.000000 0.458333
vt 1.000000 0.500000
vt 1.000000 0.541667
vt 1.000000 0.583333
vt 1.000000 0.625000
vt 1.000000 0.666667
vt 1.000000 0.708333
vt 1.000000 0.750000
vt 1.000000 0.791667
vt 1.000000 0.833333
vt 1.000000 0.875000
vt 1.000000 0.916667
vt 1.000000 0.958333
vt 1.000000 1.000000
vn 1.000000 0.000000 0.000000
vn 0.965926 0.258819 0.000000
vn 0.866025 0.500000 0.000000
vn 0.707107 0.707107 0.000000
vn 0.500000 0.866025 0.000000
vn 0.258819 0.965926 0.000000
vn 0.000000 1.000000 0.000000
vn -0.258819 0.965926 -0.000000
vn -0.500000 0.866025 -0.000000
vn -0.707107 0.707107 -0.000000
vn -0.866025 0.500000 -0.000000
vn -0.965926 0.258819 -0.000000
vn -1.000000 0.000000 -0.000000
vn -0.965926 -0.258819 -0.000000
vn -0.866025 -0.500000 -0.000000
vn -0.707107 -0.707107 -0.000000
vn -0.500000 -0.866025 -0.000000
vn -0.258819 -0.965926 -0.000000
vn -0.000000 -1.000000 -0.000000
vn 0.258819 -0.965926 0.000000
vn 0.500000 -0.866025 0.000000
vn 0.707107 -0.707107 0.000000
vn 0.866025 -0.500000 0.000000
vn 0.965926 -0.258819 0.000000
vn 1.000000 -0.000000 0.000000
vn 0.991445 0.000000 0.130526
vn 0.957662 0.258819 0.126079
vn 0.858616 0.500000 0.113039
vn 0.701057 0.707107 0.092296
vn 0.495722 0.866025 0.065263
vn 0.256605 0.965926 0.033783
vn 0.000000 1.000000 0.000000
vn -0.256605 0.965926 -0.033783
vn -0.495722 0.866025 -0.065263
vn -0.701057 0.707107 -0.092296
vn -0.858616 0.500000 -0.113039
vn -0.957662 0.258819 -0.126079
vn -0.991445 0.000000 -0.130526
vn -0.957662 -0.258819 -0.126079
vn -0.858616 -0.500000 -0.113039
vn -0.701057 -0.707107 -0.092296
vn -0.495722 -0.866025 -0.065263
vn -0.256605 -0.965926 -0.033783
vn -0.000000 -1.000000 -0.000000
vn 0.256605 -0.965926 0.033783
vn 0.495722 -0.866025 0.065263
vn 0.701057 -0.707107 0.092296
vn 0.858616 -0.500000 0.113039
vn 0.957662 -0.258819 0.126079
vn 0.991445 -0.000000 0.130526
vn 0.965926 0.000000 0.258819
vn 0.933013 0.258819 0.250000
vn 0.836516 0.500000 0.224144
vn 0.683013 0.707107 0.183013
vn 0.482963 0.866025 0.129410
vn 0.250000 0.965926 0.066987
vn 0.000000 1.000000 0.000000
vn -0.250000 0.965926 -0.066987
vn -0.482963 0.866025 -0.129410
vn -0.683013 0.707107 -0.183013
vn -0.836516 0.500000 -0.224144
vn -0.933013 0.258819 -0.250000
vn -0.965926 0.000000 -0.258819
vn -0.933013 -0.258819 -0.250000
vn -0.836516 -0.500000 -0.224144
vn -0.683013 -0.707107 -0.183013
vn -0.482963 -0.866025 -0.129410
vn -0.250000 -0.965926 -0.066987
vn -0.000000 -1.000000 -0.000000
vn 0.250000 -0.965926 0.066987
vn 0.482963 -0.866025 0.129410
vn 0.683013 -0.707107 0.183013
vn 0.836516 -0.500000 0.224144
vn 0.933013 -0.258819 0.250000
vn 0.965926 -0.000000 0.258819
vn 0.923880 0.000000 0.382683
vn 0.892399 0.258819 0.369644
vn 0.800103 0.500000 0.331414
vn 0.653281 0.707107 0.270598
vn 0.461940 0.866025 0.191342
vn 0.239118 0.965926 0.099046
vn 0.000000 1.000000 0.000000
vn -0.239118 0.965926 -0.099046
vn -0.461940 0.866025 -0.191342
vn -0.653281 0.707107 -0.270598
vn -0.800103 0.500000 -0.331414
vn -0.892399 0.258819 -0.369644
vn -0.923880 0.000000 -0.382683
vn -0.892399 -0.258819 -0.369644
vn -0.800103 -0.500000 -0.331414
vn -0.653281 -0.707107 -0.270598
vn -0.461940 -0.866025 -0.191342
vn -0.239118 -0.965926 -0.099046
vn -0.000000 -1.000000 -0.000000
vn 0.239118 -0.965926 0.099046
vn 0.461940 -0.866025 0.191342
vn 0.653281 -0.707107 0.270598
vn 0.800103 -0.500000 0.331414
vn 0.892399 -0.258819 0.369644
vn 0.923880 -0.000000 0.382683
vn 0.866025 0.000000 0.500000
vn 0.836516 0.258819 0.482963
vn 0.750000 0.500000 0.433013
vn 0.612372 0.707107 0.353553
vn 0.433013 0.866025 0.250000
vn 0.224144 0.965926 0.129410
vn 0.000000 1.000000 0.000000
vn -0.224144 0.965926 -0.129410
vn -0.433013 0.866025 -0.250000
vn -0.612372 0.707107 -0.353553
vn -0.750000 0.500000 -0.433013
vn -0.836516 0.258819 -0.482963
vn -0.866025 0.000000 -0.500000
vn -0.836516 -0.258819 -0.482963
vn -0.750000 -0.500000 -0.433013
vn -0.612372 -0.707107 -0.353553
vn -0.433013 -0.866025 -0.250000
vn -0.224144 -0.965926 -0.129410
vn -0.000000 -1.000000 -0.000000
vn 0.224144 -0.965926 0.129410
vn 0.433013 -0.866025 0.250000
vn 0.612372 -0.707107 0.353553
vn 0.750000 -0.500000 0.433013
vn 0.836516 -0.258819 0.482963
vn 0.866025 -0.000000 0.500000
vn 0.793353 0.000000 0.608761
vn 0.766320 0.258819 0.588018
vn 0.687064 0.500000 0.527203
vn 0.560986 0.707107 0.430459
vn 0.396677 0.866025 0.304381
vn 0.205335 0.965926 0.157559
vn 0.000000 1.000000 0.000000
vn -0.205335 0.965926 -0.157559
vn -0.396677 0.866025 -0.304381
vn -0.560986 0.707107 -0.430459
vn -0.687064 0.500000 -0.527203
vn -0.766320 0.258819 -0.588018
vn -0.793353 0.000000 -0.608761
vn -0.766320 -0.258819 -0.588018
vn -0.687064 -0.500000 -0.527203
vn -0.560986 -0.707107 -0.430459
vn -0.396677 -0.866025 -0.304381
vn -0.205335 -0.965926 -0.157559
vn -0.000000 -1.000000 -0.000000
vn 0.205335 -0.965926 0.157559
vn 0.396677 -0.866025 0.304381
vn 0.560986 -0.707107 0.430459
vn 0.687064 -0.500000 0.527203
vn 0.766320 -0.258819 0.588018
vn 0.793353 -0.000000 0.608761
vn 0.707107 0.000000 0.707107
vn 0.683013 0.258819 0.683013
vn 0.612372 0.500000 0.612372
vn 0.500000 0.707107 0.500000
vn 0.353553 0.866025 0.353553
vn 0.183013 0.965926 0.183013
vn 0.000000 1.000000 0.000000
vn -0.183013 0.965926 -0.183013
vn -0.353553 0.866025 -0.353553
vn -0.500000 0.707107 -0.500000
vn -0.612372 0.500000 -0.612372
vn -0.683013 0.258819 -0.683013
vn -0.707107 0.000000 -0.707107
vn -0.683013 -0.258819 -0.683013
vn -0.612372 -0.500000 -0.612372
vn -0.500000 -0.707107 -0.500000
vn -0.353553 -0.866025 -0.353553
vn -0.183013 -0.965926 -0.183013
vn -0.000000 -1.000000 -0.000000
vn 0.183013 -0.965926 0.183013
vn 0.353553 -0.866025 0.353553
vn 0.500000 -0.707107 0.500000
vn 0.612372 -0.500000 0.612372
vn 0.683013 -0.258819 0.683013
vn 0.707107 -0.000000 0.707107
vn 0.608761 0.000000 0.793353
vn 0.588018 0.258819 0.766320
vn 0.527203 0.500000 0.687064
vn 0.430459 0.707107 0.560986
vn 0.304381 0.866025 0.396677
vn 0.157559 0.965926 0.205335
vn 0.000000 1.000000 0.000000
vn -0.157559 0.965926 -0.205335
vn -0.304381 0.866025 -0.396677
vn -0.430459 0.707107 -0.560986
vn -0.527203 0.500000 -0.687064
vn -0.588018 0.258819 -0.766320
vn -0.608761 0.000000 -0.793353
vn -0.588018 -0.258819 -0.766320
vn -0.527203 -0.500000 -0.687064
vn -0.430459 -0.707107 -0.560986
vn -0.304381 -0.866025 -0.396677
vn -0.157559 -0.965926 -0.205335
vn -0.000000 -1.000000 -0.000000
vn 0.157559 -0.965926 0.205335
vn 0.304381 -0.866025 0.396677
vn 0.430459 -0.707107 0.560986
vn 0.527203 -0.500000 0.687064
vn 0.588018 -0.258819 0.766320
vn 0.608761 -0.000000 0.793353
vn 0.500000 0.000000 0.866025
vn 0.482963 0.258819 0.836516
vn 0.433013 0.500000 0.750000
vn 0.353553 0.707107 0.612372
vn 0.250000 0.866025 0.433013
vn 0.129410 0.965926 0.224144
vn 0.000000 1.000000 0.000000
vn -0.129410 0.965926 -0.224144
vn -0.250000 0.866025 -0.433013
vn -0.353553 0.707107 -0.612372
vn -0.433013 0.500000 -0.750000
vn -0.482963 0.258819 -0.836516
vn -0.500000 0.000000 -0.866025
vn -0.482963 -0.258819 -0.836516
vn -0.433013 -0.500000 -0.750000
vn -0.353553 -0.707107 -0.612372
vn -0.250000 -0.866025 -0.433013
vn -0.129410 -0.965926 -0.224144
vn -0.000000 -1.000000 -0.000000
vn 0.129410 -0.965926 0.224144
vn 0.250000 -0.866025 0.433013
vn 0.353553 -0.707107 0.612372
vn 0.433013 -0.500000 0.750000
vn 0.482963 -0.258819 0.836516
vn 0.500000 -0.000000 0.866025
vn 0.382683 0.000000 0.923880
vn 0.369644 0.258819 0.892399
vn 0.331414 0.500000 0.800103
vn 0.270598 0.707107 0.653281
vn 0.191342 0.866025 0.461940
vn 0.099046 0.965926 0.239118
vn 0.000000 1.000000 0.000000
vn -0.099046 0.965926 -0.239118
vn -0.191342 0.866025 -0.461940
vn -0.270598 0.707107 -0.653281
vn -0.331414 0.500000 -0.800103
vn -0.369644 0.258819 -0.892399
vn -0.382683 0.000000 -0.923880
vn -0.369644 -0.258819 -0.892399
vn -0.331414 -0.500000 -0.800103
vn -0.270598 -0.707107 -0.653281
vn -0.191342 -0.866025 -0.461940
vn -0.099046 -0.965926 -0.239118
vn -0.000000 -1.000000 -0.000000
vn 0.099046 -0.965926 0.239118
vn 0.191342 -0.866025 0.461940
vn 0.270598 -0.707107 0.653281
vn 0.331414 -0.500000 0.800103
vn 0.369644 -0.258819 0.892399
vn 0.382683 -0.000000 0.923880
vn 0.258819 0.000000 0.965926
vn 0.250000 0.258819 0.933013
vn 0.224144 0.500000 0.836516
vn 0.183013 0.707107 0.683013
vn 0.129410 0.866025 0.482963
vn 0.066987 0.965926 0.250000
vn 0.000000 1.000000 0.000000
vn -0.066987 0.965926 -0.250000
vn -0.129410 0.866025 -0.482963
vn -0.183013 0.707107 -0.683013
vn -0.224144 0.500000 -0.836516
vn -0.250000 0.258819 -0.933013
vn -0.258819 0.000000 -0.965926
vn -0.250000 -0.258819 -0.933013
vn -0.224144 -0.500000 -0.836516
vn -0.183013 -0.707107 -0.683013
vn -0.129410 -0.866025 -0.482963
vn -0.066987 -0.965926 -0.250000
vn -0.000000 -1.000000 -0.000000
vn 0.066987 -0.965926 0.250000
vn 0.129410 -0.866025 0.482963
vn 0.183013 -0.707107 0.683013
vn 0.224144 -0.500000 0.836516
vn 0.250000 -0.258819 0.933013
vn 0.258819 -0.000000 0.965926
vn 0.130526 0.000000 0.991445
vn 0.126079 0.258819 0.957662
vn 0.113039 0.500000 0.858616
vn 0.092296 0.707107 0.701057
vn 0.065263 0.866025 0.495722
vn 0.033783 0.965926 0.256605
vn 0.000000 1.000000 0.000000
vn -0.033783 0.965926 -0.256605
vn -0.065263 0.866025 -0.495722
vn -0.092296 0.707107 -0.701057
vn -0.113039 0.500000 -0.858616
vn -0.126079 0.258819 -0.957662
vn -0.130526 0.000000 -0.991445
vn -0.126079 -0.258819 -0.957662
vn -0.113039 -0.500000 -0.858616
vn -0.092296 -0.707107 -0.701057
vn -0.065263 -0.866025 -0.495722
vn -0.033783 -0.965926 -0.256605
vn -0.000000 -1.000000 -0.000000
vn 0.033783 -0.965926 0.256605
vn 0.065263 -0.866025 0.495722
vn 0.092296 -0.707107 0.701057
vn 0.113039 -0.500000 0.858616
vn 0.126079 -0.258819 0.957662
vn 0.130526 -0.000000 0.991445
vn 0.000000 0.000000 1.000000
vn 0.000000 0.258819 0.965926
vn 0.000000 0.500000 0.866025
vn 0.000000 0.707107 0.707107
vn 0.000000 0.866025 0.500000
vn 0.000000 0.965926 0.258819
vn 0.000000 1.000000 0.000000
vn -0.000000 0.965926 -0.258819
vn -0.000000 0.866025 -0.500000
vn -0.000000 0.707107 -0.707107
vn -0.000000 0.500000 -0.866025
vn -0.000000 0.258819 -0.965926
vn -0.000000 0.000000 -1.000000
vn -0.000000 -0.258819 -0.965926
vn -0.000000 -0.500000 -0.866025
vn -0.000000 -0.707107 -0.707107
vn -0.000000 -0.866025 -0.500000
vn -0.000000 -0.965926 -0.258819
vn -0.000000 -1.000000 -0.000000
vn 0.000000 -0.965926 0.258819
vn 0.000000 -0.866025 0.500000
vn 0.000000 -0.707107 0.707107
vn 0.000000 -0.500000 0.866025
vn 0.000000 -0.258819 0.965926
vn 0.000000 -0.000000 1.000000
vn -0.130526 0.000000 0.991445
vn -0.126079 0.258819 0.957662
vn -0.113039 0.500000 0.858616
vn -0.092296 0.707107 0.701057
vn -0.065263 0.866025 0.495722
vn -0.033783 0.965926 0.256605
vn -0.000000 1.000000 0.000000
vn 0.033783 0.965926 -0.256605
vn 0.065263 0.866025 -0.495722
vn 0.092296 0.707107 -0.701057
vn 0.113039 0.500000 -0.858616
vn 0.126079 0.258819 -0.957662
vn 0.130526 0.000000 -0.991445
vn 0.126079 -0.258819 -0.957662
vn 0.113039 -0.500000 -0.858616
vn 0.092296 -0.707107 -0.701057
vn 0.065263 -0.866025 -0.495722
vn 0.033783 -0.965926 -0.256605
vn 0.000000 -1.000000 -0.000000
vn -0.033783 -0.965926 0.256605
vn -0.065263 -0.866025 0.495722
vn -0.092296 -0.707107 0.701057
vn -0.113039 -0.500000 0.858616
vn -0.126079 -0.258819 0.957662
vn -0.130526 -0.000000 0.991445
vn -0.258819 0.000000 0.965926
vn -0.250000 0.258819 0.933013
vn -0.224144 0.500000 0.836516
vn -0.183013 0.707107 0.683013
vn -0.129410 0.866025 0.482963
vn -0.066987 0.965926 0.250000
vn -0.000000 1.000000 0.000000
vn 0.066987 0.965926 -0.250000
vn 0.129410 0.866025 -0.482963
vn 0.183013 0.707107 -0.683013
vn 0.224144 0.500000 -0.836516
vn 0.250000 0.258819 -0.933013
vn 0.258819 0.000000 -0.965926
vn 0.250000 -0.258819 -0.933013
vn 0.224144 -0.500000 -0.836516
vn 0.183013 -0.707107 -0.683013
vn 0.129410 -0.866025 -0.482963
vn 0.066987 -0.965926 -0.250000
vn 0.000000 -1.000000 -0.000000
vn -0.066987 -0.965926 0.250000
vn -0.129410 -0.866025 0.482963
vn -0.183013 -0.707107 0.683013
vn -0.224144 -0.500000 0.836516
vn -0.250000 -0.258819 0.933013
vn -0.258819 -0.000000 0.965926
vn -0.382683 0.000000 0.923880
vn -0.369644 0.258819 0.892399
vn -0.331414 0.500000 0.800103
vn -0.270598 0.707107 0.653281
vn -0.191342 0.866025 0.461940
vn -0.099046 0.965926 0.239118
vn -0.000000 1.000000 0.000000
vn 0.099046 0.965926 -0.239118
vn 0.191342 0.866025 -0.461940
vn 0.270598 0.707107 -0.653281
vn 0.331414 0.500000 -0.800103
vn 0.369644 0.258819 -0.892399
vn 0.382683 0.000000 -0.923880
vn 0.369644 -0.258819 -0.892399
vn 0.331414 -0.500000 -0.800103
vn 0.270598 -0.707107 -0.653281
vn 0.191342 -0.866025 -0.461940
vn 0.099046 -0.965926 -0.239118
vn 0.000000 -1.000000 -0.000000
vn -0.099046 -0.965926 0.239118
vn -0.191342 -0.866025 0.461940
vn -0.270598 -0.707107 0.653281
vn -0.331414 -0.500000 0.800103
vn -0.369644 -0.258819 0.892399
vn -0.382683 -0.000000 0.923880
vn -0.500000 0.000000 0.866025
vn -0.482963 0.258819 0.836516
vn -0.433013 0.500000 0.750000
vn -0.353553 0.707107 0.612372
vn -0.250000 0.866025 0.433013
vn -0.129410 0.965926 0.224144
vn -0.000000 1.000000 0.000000
vn 0.129410 0.965926 -0.224144
vn 0.250000 0.866025 -0.433013
vn 0.353553 0.707107 -0.612372
vn 0.433013 0.500000 -0.750000
vn 0.482963 0.258819 -0.836516
vn 0.500000 0.000000 -0.866025
vn 0.482963 -0.258819 -0.836516
vn 0.433013 -0.500000 -0.750000
vn 0.353553 -0.707107 -0.612372
vn 0.250000 -0.866025 -0.433013
vn 0.129410 -0.965926 -0.224144
vn 0.000000 -1.000000 -0.000000
vn -0.129410 -0.965926 0.224144
vn -0.250000 -0.866025 0.433013
vn -0.353553 -0.707107 0.612372
vn -0.433013 -0.500000 0.750000
vn -0.482963 -0.258819 0.836516
vn -0.500000 -0.000000 0.866025
vn -0.608761 0.000000 0.793353
vn -0.588018 0.258819 0.766320
vn -0.527203 0.500000 0.687064
vn -0.430459 0.707107 0.560986
vn -0.304381 0.866025 0.396677
vn -0.157559 0.965926 0.205335
vn -0.000000 1.000000 0.000000
vn 0.157559 0.965926 -0.205335
vn 0.304381 0.866025 -0.396677
vn 0.430459 0.707107 -0.560986
vn 0.527203 0.500000 -0.687064
vn 0.588018 0.258819 -0.766320
vn 0.608761 0.000000 -0.793353
vn 0.588018 -0.258819 -0.766320
vn 0.527203 -0.500000 -0.687064
vn 0.430459 -0.707107 -0.560986
vn 0.304381 -0.866025 -0.396677
vn 0.157559 -0.965926 -0.205335
vn 0.000000 -1.000000 -0.000000
vn -0.157559 -0.965926 0.205335
vn -0.304381 -0.866025 0.396677
vn -0.430459 -0.707107 0.560986
vn -0.527203 -0.500000 0.687064
vn -0.588018 -0.258819 0.766320
vn -0.608761 -0.000000 0.793353
vn -0.707107 0.000000 0.707107
vn -0.683013 0.258819 0.683013
vn -0.612372 0.500000 0.612372
vn -0.500000 0.707107 0.500000
vn -0.353553 0.866025 0.353553
vn -0.183013 0.965926 0.183013
vn -0.000000 1.000000 0.000000
vn 0.183013 0.965926 -0.183013
vn 0.353553 0.866025 -0.353553
vn 0.500000 0.707107 -0.500000
vn 0.612372 0.500000 -0.612372
vn 0.683013 0.258819 -0.683013
vn 0.707107 0.000000 -0.707107
vn 0.683013 -0.258819 -0.683013
vn 0.612372 -0.500000 -0.612372
vn 0.500000 -0.707107 -0.500000
vn 0.353553 -0.866025 -0.353553
vn 0.183013 -0.965926 -0.183013
vn 0.000000 -1.000000 -0.000000
vn -0.183013 -0.965926 0.183013
vn -0.353553 -0.866025 0.353553
vn -0.500000 -0.707107 0.500000
vn -0.612372 -0.500000 0.612372
vn -0.683013 -0.258819 0.683013
vn -0.707107 -0.000000 0.707107
vn -0.793353 0.000000 0.608761
vn -0.766320 0.258819 0.588018
vn -0.687064 0.500000 0.527203
vn -0.560986 0.707107 0.430459
vn -0.396677 0.866025 0.304381
vn -0.205335 0.965926 0.157559
vn -0.000000 1.000000 0.000000
vn 0.205335 0.965926 -0.157559
vn 0.396677 0.866025 -0.304381
vn 0.560986 0.707107 -0.430459
vn 0.687064 0.500000 -0.527203
vn 0.766320 0.258819 -0.588018
vn 0.793353 0.000000 -0.608761
vn 0.766320 -0.258819 -0.588018
vn 0.687064 -0.500000 -0.527203
vn 0.560986 -0.707107 -0.430459
vn 0.396677 -0.866025 -0.304381
vn 0.205335 -0.965926 -0.157559
vn 0.000000 -1.000000 -0.000000
vn -0.205335 -0.965926 0.157559
vn -0.396677 -0.866025 0.304381
vn -0.560986 -0.707107 0.430459
vn -0.687064 -0.500000 0.527203
vn -0.766320 -0.258819 0.588018
vn -0.793353 -0.000000 0.608761
vn -0.866025 0.000000 0.500000
vn -0.836516 0.258819 0.482963
vn -0.750000 0.500000 0.433013
vn -0.612372 0.707107 0.353553
vn -0.433013 0.866025 0.250000
vn -0.224144 0.965926 0.129410
vn -0.000000 1.000000 0.000000
vn 0.224144 0.965926 -0.129410
vn 0.433013 0.866025 -0.250000
vn 0.612372 0.707107 -0.353553
vn 0.750000 0.500000 -0.433013
vn 0.836516 0.258819 -0.482963
vn 0.866025 0.000000 -0.500000
vn 0.836516 -0.258819 -0.482963
vn 0.750000 -0.500000 -0.433013
vn 0.612372 -0.707107 -0.353553
vn 0.433013 -0.866025 -0.250000
vn 0.224144 -0.965926 -0.129410
vn 0.000000 -1.000000 -0.000000
vn -0.224144 -0.965926 0.129410
vn -0.433013 -0.866025 0.250000
vn -0.612372 -0.707107 0.353553
vn -0.750000 -0.500000 0.433013
vn -0.836516 -0.258819 0.482963
vn -0.866025 -0.000000 0.500000
vn -0.923880 0.000000 0.382683
vn -0.892399 0.258819 0.369644
vn -0.800103 0.500000 0.331414
vn -0.653281 0.707107 0.270598
vn -0.461940 0.866025 0.191342
vn -0.239118 0.965926 0.099046
vn -0.000000 1.000000 0.000000
vn 0.239118 0.965926 -0.099046
vn 0.461940 0.866025 -0.191342
vn 0.653281 0.707107 -0.270598
vn 0.800103 0.500000 -0.331414
vn 0.892399 0.258819 -0.369644
vn 0.923880 0.000000 -0.382683
vn 0.892399 -0.258819 -0.369644
vn 0.800103 -0.500000 -0.331414
vn 0.653281 -0.707107 -0.270598
vn 0.461940 -0.866025 -0.191342
vn 0.239118 -0.965926 -0.099046
vn 0.000000 -1.000000 -0.000000
vn -0.239118 -0.965926 0.099046
vn -0.461940 -0.866025 0.191342
vn -0.653281 -0.707107 0.270598
vn -0.800103 -0.500000 0.331414
vn -0.892399 -0.258819 0.369644
vn -0.923880 -0.000000 0.382683
vn -0.965926 0.000000 0.258819
vn -0.933013 0.258819 0.250000
vn -0.836516 0.500000 0.224144
vn -0.683013 0.707107 0.183013
vn -0.482963 0.866025 0.129410
vn -0.250000 0.965926 0.066987
vn -0.000000 1.000000 0.000000
vn 0.250000 0.965926 -0.066987
vn 0.482963 0.866025 -0.129410
vn 0.683013 0.707107 -0.183013
vn 0.836516 0.500000 -0.224144
vn 0.933013 0.258819 -0.250000
vn 0.965926 0.000000 -0.258819
vn 0.933013 -0.258819 -0.250000
vn 0.836516 -0.500000 -0.224144
vn 0.683013 -0.707107 -0.183013
vn 0.482963 -0.866025 -0.129410
vn 0.250000 -0.965926 -0.066987
vn 0.000000 -1.000000 -0.000000
vn -0.250000 -0.965926 0.066987
vn -0.482963 -0.866025 0.129410
vn -0.683013 -0.707107 0.183013
vn -0.836516 -0.500000 0.224144
vn -0.933013 -0.258819 0.250000
vn -0.965926 -0.000000 0.258819
vn -0.991445 0.000000 0.130526
vn -0.957662 0.258819 0.126079
vn -0.858616 0.500000 0.113039
vn -0.701057 0.707107 0.092296
vn -0.495722 0.866025 0.065263
vn -0.256605 0.965926 0.033783
vn -0.000000 1.000000 0.000000
vn 0.256605 0.965926 -0.033783
vn 0.495722 0.866025 -0.065263
vn 0.701057 0.707107 -0.092296
vn 0.858616 0.500000 -0.113039
vn 0.957662 0.258819 -0.126079
vn 0.991445 0.000000 -0.130526
vn 0.957662 -0.258819 -0.126079
vn 0.858616 -0.500000 -0.113039
vn 0.701057 -0.707107 -0.092296
vn 0.495722 -0.866025 -0.065263
vn 0.256605 -0.965926 -0.033783
vn 0.000000 -1.000000 -0.000000
vn -0.256605 -0.965926 0.033783
vn -0.495722 -0.866025 0.065263
vn -0.701057 -0.707107 0.092296
vn -0.858616 -0.500000 0.113039
vn -0.957662 -0.258819 0.126079
vn -0.991445 -0.000000 0.130526
vn -1.000000 0.000000 0.000000
vn -0.965926 0.258819 0.000000
vn -0.866025 0.500000 0.000000
vn -0.707107 0.707107 0.000000
vn -0.500000 0.866025 0.000000
vn -0.258819 0.965926 0.000000
vn -0.000000 1.000000 0.000000
vn 0.258819 0.965926 -0.000000
vn 0.500000 0.866025 -0.000000
vn 0.707107 0.707107 -0.000000
vn 0.866025 0.500000 -0.000000
vn 0.965926 0.258819 -0.000000
vn 1.000000 0.000000 -0.000000
vn 0.965926 -0.258819 -0.000000
vn 0.866025 -0.500000 -0.000000
vn 0.707107 -0.707107 -0.000000
vn 0.500000 -0.866025 -0.000000
vn 0.258819 -0.965926 -0.000000
vn 0.000000 -1.000000 -0.000000
vn -0.258819 -0.965926 0.000000
vn -0.500000 -0.866025 0.000000
vn -0.707107 -0.707107 0.000000
vn -0.866025 -0.500000 0.000000
vn -0.965926 -0.258819 0.000000
vn -1.000000 -0.000000 0.000000
vn -0.991445 0.000000 -0.130526
vn -0.957662 0.258819 -0.126079
vn -0.858616 0.500000 -0.113039
vn -0.701057 0.707107 -0.092296
vn -0.495722 0.866025 -0.065263
vn -0.256605 0.965926 -0.033783
vn -0.000000 1.000000 -0.000000
vn 0.256605 0.965926 0.033783
vn 0.495722 0.866025 0.065263
vn 0.701057 0.707107 0.092296
vn 0.858616 0.500000 0.113039
vn 0.957662 0.258819 0.126079
vn 0.991445 0.000000 0.130526
vn 0.957662 -0.258819 0.126079
vn 0.858616 -0.500000 0.113039
vn 0.701057 -0.707107 0.092296
vn 0.495722 -0.866025 0.065263
vn 0.256605 -0.965926 0.033783
vn 0.000000 -1.000000 0.000000
vn -0.256605 -0.965926 -0.033783
vn -0.495722 -0.866025 -0.065263
vn -0.701057 -0.707107 -0.092296
vn -0.858616 -0.500000 -0.113039
vn -0.957662 -0.258819 -0.126079
vn -0.991445 -0.000000 -0.130526
vn -0.965926 0.000000 -0.258819
vn -0.933013 0.258819 -0.250000
vn -0.836516 0.500000 -0.224144
vn -0.683013 0.707107 -0.183013
vn -0.482963 0.866025 -0.129410
vn -0.250000 0.965926 -0.066987
vn -0.000000 1.000000 -0.000000
vn 0.250000 0.965926 0.066987
vn 0.482963 0.866025 0.129410
vn 0.683013 0.707107 0.183013
vn 0.836516 0.500000 0.224144
vn 0.933013 0.258819 0.250000
vn 0.965926 0.000000 0.258819
vn 0.933013 -0.258819 0.250000
vn 0.836516 -0.500000 0.224144
vn 0.683013 -0.707107 0.183013
vn 0.482963 -0.866025 0.129410
vn 0.250000 -0.965926 0.066987
vn 0.000000 -1.000000 0.000000
vn -0.250000 -0.965926 -0.066987
vn -0.482963 -0.866025 -0.129410
vn -0.683013 -0.707107 -0.183013
vn -0.836516 -0.500000 -0.224144
vn -0.933013 -0.258819 -0.250000
vn -0.965926 -0.000000 -0.258819
vn -0.923880 0.000000 -0.382683
vn -0.892399 0.258819 -0.369644
vn -0.800103 0.500000 -0.331414
vn -0.653281 0.707107 -0.270598
vn -0.461940 0.866025 -0.191342
vn -0.239118 0.965926 -0.099046
vn -0.000000 1.000000 -0.000000
vn 0.239118 0.965926 0.099046
vn 0.461940 0.866025 0.191342
vn 0.653281 0.707107 0.270598
vn 0.800103 0.500000 0.331414
vn 0.892399 0.258819 0.369644
vn 0.923880 0.000000 0.382683
vn 0.892399 -0.258819 0.369644
vn 0.800103 -0.500000 0.331414
vn 0.653281 -0.707107 0.270598
vn 0.461940 -0.866025 0.191342
vn 0.239118 -0.965926 0.099046
vn 0.000000 -1.000000 0.000000
vn -0.239118 -0.965926 -0.099046
vn -0.461940 -0.866025 -0.191342
vn -0.653281 -0.707107 -0.270598
vn -0.800103 -0.500000 -0.331414
vn -0.892399 -0.258819 -0.369644
vn -0.923880 -0.000000 -0.382683
vn -0.866025 0.000000 -0.500000
vn -0.836516 0.258819 -0.482963
vn -0.750000 0.500000 -0.433013
vn -0.612372 0.707107 -0.353553
vn -0.433013 0.866025 -0.250000
vn -0.224144 0.965926 -0.129410
vn -0.000000 1.000000 -0.000000
vn 0.224144 0.965926 0.129410
vn 0.433013 0.866025 0.250000
vn 0.612372 0.707107 0.353553
vn 0.750000 0.500000 0.433013
vn 0.836516 0.258819 0.482963
vn 0.866025 0.000000 0.500000
vn 0.836516 -0.258819 0.482963
vn 0.750000 -0.500000 0.433013
vn 0.612372 -0.707107 0.353553
vn 0.433013 -0.866025 0.250000
vn 0.224144 -0.965926 0.129410
vn 0.000000 -1.000000 0.000000
vn -0.224144 -0.965926 -0.129410
vn -0.433013 -0.866025 -0.250000
vn -0.612372 -0.707107 -0.353553
vn -0.750000 -0.500000 -0.433013
vn -0.836516 -0.258819 -0.482963
vn -0.866025 -0.000000 -0.500000
vn -0.793353 0.000000 -0.608761
vn -0.766320 0.258819 -0.588018
vn -0.687064 0.500000 -0.527203
vn -0.560986 0.707107 -0.430459
vn -0.396677 0.866025 -0.304381
vn -0.205335 0.965926 -0.157559
vn -0.000000 1.000000 -0.000000
vn 0.205335 0.965926 0.157559
vn 0.396677 0.866025 0.304381
vn 0.560986 0.707107 0.430459
vn 0.687064 0.500000 0.527203
vn 0.766320 0.258819 0.588018
vn 0.793353 0.000000 0.608761
vn 0.766320 -0.258819 0.588018
vn 0.687064 -0.500000 0.527203
vn 0.560986 -0.707107 0.430459
vn 0.396677 -0.866025 0.304381
vn 0.205335 -0.965926 0.157559
vn 0.000000 -1.000000 0.000000
vn -0.205335 -0.965926 -0.157559
vn -0.396677 -0.866025 -0.304381
vn -0.560986 -0.707107 -0.430459
vn -0.687064 -0.500000 -0.527203
vn -0.766320 -0.258819 -0.588018
vn -0.793353 -0.000000 -0.608761
vn -0.707107 0.000000 -0.707107
vn -0.683013 0.258819 -0.683013
vn -0.612372 0.500000 -0.612372
vn -0.500000 0.707107 -0.500000
vn -0.353553 0.866025 -0.353553
vn -0.183013 0.965926 -0.183013
vn -0.000000 1.000000 -0.000000
vn 0.183013 0.965926 0.183013
vn 0.353553 0.866025 0.353553
vn 0.500000 0.707107 0.500000
vn 0.612372 0.500000 0.612372
vn 0.683013 0.258819 0.683013
vn 0.707107 0.000000 0.707107
vn 0.683013 -0.258819 0.683013
vn 0.612372 -0.500000 0.612372
vn 0.500000 -0.707107 0.500000
vn 0.353553 -0.866025 0.353553
vn 0.183013 -0.965926 0.183013
vn 0.000000 -1.000000 0.000000
vn -0.183013 -0.965926 -0.183013
vn -0.353553 -0.866025 -0.353553
vn -0.500000 -0.707107 -0.500000
vn -0.612372 -0.500000 -0.612372
vn -0.683013 -0.258819 -0.683013
vn -0.707107 -0.000000 -0.707107
vn -0.608761 0.000000 -0.793353
vn -0.588018 0.258819 -0.766320
vn -0.527203 0.500000 -0.687064
vn -0.430459 0.707107 -0.560986
vn -0.304381 0.866025 -0.396677
vn -0.157559 0.965926 -0.205335
vn -0.000000 1.000000 -0.000000
vn 0.157559 0.965926 0.205335
vn 0.304381 0.866025 0.396677
vn 0.430459 0.707107 0.560986
vn 0.527203 0.500000 0.687064
vn 0.588018 0.258819 0.766320
vn 0.608761 0.000000 0.793353
vn 0.588018 -0.258819 0.766320
vn 0.527203 -0.500000 0.687064
vn 0.430459 -0.707107 0.560986
vn 0.304381 -0.866025 0.396677
vn 0.157559 -0.965926 0.205335
vn 0.000000 -1.000000 0.000000
vn -0.157559 -0.965926 -0.205335
vn -0.304381 -0.866025 -0.396677
vn -0.430459 -0.707107 -0.560986
vn -0.527203 -0.500000 -0.687064
vn -0.588018 -0.258819 -0.766320
vn -0.608761 -0.000000 -0.793353
vn -0.500000 0.000000 -0.866025
vn -0.482963 0.258819 -0.836516
vn -0.433013 0.500000 -0.750000
vn -0.353553 0.707107 -0.612372
vn -0.250000 0.866025 -0.433013
vn -0.129410 0.965926 -0.224144
vn -0.000000 1.000000 -0.000000
vn 0.129410 0.965926 0.224144
vn 0.250000 0.866025 0.433013
vn 0.353553 0.707107 0.612372
vn 0.433013 0.500000 0.750000
vn 0.482963 0.258819 0.836516
vn 0.500000 0.000000 0.866025
vn 0.482963 -0.258819 0.836516
vn 0.433013 -0.500000 0.750000
vn 0.353553 -0.707107 0.612372
vn 0.250000 -0.866025 0.433013
vn 0.129410 -0.965926 0.224144
vn 0.000000 -1.000000 0.000000
vn -0.129410 -0.965926 -0.224144
vn -0.250000 -0.866025 -0.433013
vn -0.353553 -0.707107 -0.612372
vn -0.433013 -0.500000 -0.750000
vn -0.482963 -0.258819 -0.836516
vn -0.500000 -0.000000 -0.866025
vn -0.382683 0.000000 -0.923880
vn -0.369644 0.258819 -0.892399
vn -0.331414 0.500000 -0.800103
vn -0.270598 0.707107 -0.653281
vn -0.191342 0.866025 -0.461940
vn -0.099046 0.965926 -0.239118
vn -0.000000 1.000000 -0.000000
vn 0.099046 0.965926 0.239118
vn 0.191342 0.866025 0.461940
vn 0.270598 0.707107 0.653281
vn 0.331414 0.500000 0.800103
vn 0.369644 0.258819 0.892399
vn 0.382683 0.000000 0.923880
vn 0.369644 -0.258819 0.892399
vn 0.331414 -0.500000 0.800103
vn 0.270598 -0.707107 0.653281
vn 0.191342 -0.866025 0.461940
vn 0.099046 -0.965926 0.239118
vn 0.000000 -1.000000 0.000000
vn -0.099046 -0.965926 -0.239118
vn -0.191342 -0.866025 -0.461940
vn -0.270598 -0.707107 -0.653281
vn -0.331414 -0.500000 -0.800103
vn -0.369644 -0.258819 -0.892399
vn -0.382683 -0.000000 -0.923880
vn -0.258819 0.000000 -0.965926
vn -0.250000 0.258819 -0.933013
vn -0.224144 0.500000 -0.836516
vn -0.183013 0.707107 -0.683013
vn -0.129410 0.866025 -0.482963
vn -0.066987 0.965926 -0.250000
vn -0.000000 1.000000 -0.000000
vn 0.066987 0.965926 0.250000
vn 0.129410 0.866025 0.482963
vn 0.183013 0.707107 0.683013
vn 0.224144 0.500000 0.836516
vn 0.250000 0.258819 0.933013
vn 0.258819 0.000000 0.965926
vn 0.250000 -0.258819 0.933013
vn 0.224144 -0.500000 0.836516
vn 0.183013 -0.707107 0.683013
vn 0.129410 -0.866025 0.482963
vn 0.066987 -0.965926 0.250000
vn 0.000000 -1.000000 0.000000
vn -0.066987 -0.965926 -0.250000
vn -0.129410 -0.866025 -0.482963
vn -0.183013 -0.707107 -0.683013
vn -0.224144 -0.500000 -0.836516
vn -0.250000 -0.258819 -0.933013
vn -0.258819 -0.000000 -0.965926
vn -0.130526 0.000000 -0.991445
vn -0.126079 0.258819 -0.957662
vn -0.113039 0.500000 -0.858616
vn -0.092296 0.707107 -0.701057
vn -0.065263 0.866025 -0.495722
vn -0.033783 0.965926 -0.256605
vn -0.000000 1.000000 -0.000000
vn 0.033783 0.965926 0.256605
vn 0.065263 0.866025 0.495722
vn 0.092296 0.707107 0.701057
vn 0.113039 0.500000 0.858616
vn 0.126079 0.258819 0.957662
vn 0.130526 0.000000 0.991445
vn 0.126079 -0.258819 0.957662
vn 0.113039 -0.500000 0.858616
vn 0.092296 -0.707107 0.701057
vn 0.065263 -0.866025 0.495722
vn 0.033783 -0.965926 0.256605
vn 0.000000 -1.000000 0.000000
vn -0.033783 -0.965926 -0.256605
vn -0.065263 -0.866025 -0.495722
vn -0.092296 -0.707107 -0.701057
vn -0.113039 -0.500000 -0.858616
vn -0.126079 -0.258819 -0.957662
vn -0.130526 -0.000000 -0.991445
vn -0.000000 0.000000 -1.000000
vn -0.000000 0.258819 -0.965926
vn -0.000000 0.500000 -0.866025
vn -0.000000 0.707107 -0.707107
vn -0.000000 0.866025 -0.500000
vn -0.000000 0.965926 -0.258819
vn -0.000000 1.000000 -0.000000
vn 0.000000 0.965926 0.258819
vn 0.000000 0.866025 0.500000
vn 0.000000 0.707107 0.707107
vn 0.000000 0.500000 0.866025
vn 0.000000 0.258819 0.965926
vn 0.000000 0.000000 1.000000
vn 0.000000 -0.258819 0.965926
vn 0.000000 -0.500000 0.866025
vn 0.000000 -0.707107 0.707107
vn 0.000000 -0.866025 0.500000
vn 0.000000 -0.965926 0.258819
vn 0.000000 -1.000000 0.000000
vn -0.000000 -0.965926 -0.258819
vn -0.000000 -0.866025 -0.500000
vn -0.000000 -0.707107 -0.707107
vn -0.000000 -0.500000 -0.866025
vn -0.000000 -0.258819 -0.965926
vn -0.000000 -0.000000 -1.000000
vn 0.130526 0.000000 -0.991445
vn 0.126079 0.258819 -0.957662
vn 0.113039 0.500000 -0.858616
vn 0.092296 0.707107 -0.701057
vn 0.065263 0.866025 -0.495722
vn 0.033783 0.965926 -0.256605
vn 0.000000 1.000000 -0.000000
vn -0.033783 0.965926 0.256605
vn -0.065263 0.866025 0.495722
vn -0.092296 0.707107 0.701057
vn -0.113039 0.500000 0.858616
vn -0.126079 0.258819 0.957662
vn -0.130526 0.000000 0.991445
vn -0.126079 -0.258819 0.957662
vn -0.113039 -0.500000 0.858616
vn -0.092296 -0.707107 0.701057
vn -0.065263 -0.866025 0.495722
vn -0.033783 -0.965926 0.256605
vn -0.000000 -1.000000 0.000000
vn 0.033783 -0.965926 -0.256605
vn 0.065263 -0.866025 -0.495722
vn 0.092296 -0.707107 -0.701057
vn 0.113039 -0.500000 -0.858616
vn 0.126079 -0.258819 -0.957662
vn 0.130526 -0.000000 -0.991445
vn 0.258819 0.000000 -0.965926
vn 0.250000 0.258819 -0.933013
vn 0.224144 0.500000 -0.836516
vn 0.183013 0.707107 -0.683013
vn 0.129410 0.866025 -0.482963
vn 0.066987 0.965926 -0.250000
vn 0.000000 1.000000 -0.000000
vn -0.066987 0.965926 0.250000
vn -0.129410 0.866025 0.482963
vn -0.183013 0.707107 0.683013
vn -0.224144 0.500000 0.836516
vn -0.250000 0.258819 0.933013
vn -0.258819 0.000000 0.965926
vn -0.250000 -0.258819 0.933013
vn -0.224144 -0.500000 0.836516
vn -0.183013 -0.707107 0.683013
vn -0.129410 -0.866025 0.482963
vn -0.066987 -0.965926 0.250000
vn -0.000000 -1.000000 0.000000
vn 0.066987 -0.965926 -0.250000
vn 0.129410 -0.866025 -0.482963
vn 0.183013 -0.707107 -0.683013
vn 0.224144 -0.500000 -0.836516
vn 0.250000 -0.258819 -0.933013
vn 0.258819 -0.000000 -0.965926
vn 0.382683 0.000000 -0.923880
vn 0.369644 0.258819 -0.892399
vn 0.331414 0.500000 -0.800103
vn 0.270598 0.707107 -0.653281
vn 0.191342 0.866025 -0.461940
vn 0.099046 0.965926 -0.239118
vn 0.000000 1.000000 -0.000000
vn -0.099046 0.965926 0.239118
vn -0.191342 0.866025 0.461940
vn -0.270598 0.707107 0.653281
vn -0.331414 0.500000 0.800103
vn -0.369644 0.258819 0.892399
vn -0.382683 0.000000 0.923880
vn -0.369644 -0.258819 0.892399
vn -0.331414 -0.500000 0.800103
vn -0.270598 -0.707107 0.653281
vn -0.191342 -0.866025 0.461940
vn -0.099046 -0.965926 0.239118
vn -0.000000 -1.000000 0.000000
vn 0.099046 -0.965926 -0.239118
vn 0.191342 -0.866025 -0.461940
vn 0.270598 -0.707107 -0.653281
vn 0.331414 -0.500000 -0.800103
vn 0.369644 -0.258819 -0.892399
vn 0.382683 -0.000000 -0.923880
vn 0.500000 0.000000 -0.866025
vn 0.482963 0.258819 -0.836516
vn 0.433013 0.500000 -0.750000
vn 0.353553 0.707107 -0.612372
vn 0.250000 0.866025 -0.433013
vn 0.129410 0.965926 -0.224144
vn 0.000000 1.000000 -0.000000
vn -0.129410 0.965926 0.224144
vn -0.250000 0.866025 0.433013
vn -0.353553 0.707107 0.612372
vn -0.433013 0.500000 0.750000
vn -0.482963 0.258819 0.836516
vn -0.500000 0.000000 0.866025
vn -0.482963 -0.258819 0.836516
vn -0.433013 -0.500000 0.750000
vn -0.353553 -0.707107 0.612372
vn -0.250000 -0.866025 0.433013
vn -0.129410 -0.965926 0.224144
vn -0.000000 -1.000000 0.000000
vn 0.129410 -0.965926 -0.224144
vn 0.250000 -0.866025 -0.433013
vn 0.353553 -0.707107 -0.612372
vn 0.433013 -0.500000 -0.750000
vn 0.482963 -0.258819 -0.836516
vn 0.500000 -0.000000 -0.866025
vn 0.608761 0.000000 -0.793353
vn 0.588018 0.258819 -0.766320
vn 0.527203 0.500000 -0.687064
vn 0.430459 0.707107 -0.560986
vn 0.304381 0.866025 -0.396677
vn 0.157559 0.965926 -0.205335
vn 0.000000 1.000000 -0.000000
vn -0.157559 0.965926 0.205335
vn -0.304381 0.866025 0.396677
vn -0.430459 0.707107 0.560986
vn -0.527203 0.500000 0.687064
vn -0.588018 0.258819 0.766320
vn -0.608761 0.000000 0.793353
vn -0.588018 -0.258819 0.766320
vn -0.527203 -0.500000 0.687064
vn -0.430459 -0.707107 0.560986
vn -0.304381 -0.866025 0.396677
vn -0.157559 -0.965926 0.205335
vn -0.000000 -1.000000 0.000000
vn 0.157559 -0.965926 -0.205335
vn 0.304381 -0.866025 -0.396677
vn 0.430459 -0.707107 -0.560986
vn 0.527203 -0.500000 -0.687064
vn 0.588018 -0.258819 -0.766320
vn 0.608761 -0.000000 -0.793353
vn 0.707107 0.000000 -0.707107
vn 0.683013 0.258819 -0.683013
vn 0.612372 0.500000 -0.612372
vn 0.500000 0.707107 -0.500000
vn 0.353553 0.866025 -0.353553
vn 0.183013 0.965926 -0.183013
vn 0.000000 1.000000 -0.000000
vn -0.183013 0.965926 0.183013
vn -0.353553 0.866025 0.353553
vn -0.500000 0.707107 0.500000
vn -0.612372 0.500000 0.612372
vn -0.683013 0.258819 0.683013
vn -0.707107 0.000000 0.707107
vn -0.683013 -0.258819 0.683013
vn -0.612372 -0.500000 0.612372
vn -0.500000 -0.707107 0.500000
vn -0.353553 -0.866025 0.353553
vn -0.183013 -0.965926 0.183013
vn -0.000000 -1.000000 0.000000
vn 0.183013 -0.965926 -0.183013
vn 0.353553 -0.866025 -0.353553
vn 0.500000 -0.707107 -0.500000
vn 0.612372 -0.500000 -0.612372
vn 0.683013 -0.258819 -0.683013
vn 0.707107 -0.000000 -0.707107
vn 0.793353 0.000000 -0.608761
vn 0.766320 0.258819 -0.588018
vn 0.687064 0.500000 -0.527203
vn 0.560986 0.707107 -0.430459
vn 0.396677 0.866025 -0.304381
vn 0.205335 0.965926 -0.157559
vn 0.000000 1.000000 -0.000000
vn -0.205335 0.965926 0.157559
vn -0.396677 0.866025 0.304381
vn -0.560986 0.707107 0.430459
vn -0.687064 0.500000 0.527203
vn -0.766320 0.258819 0.588018
vn -0.793353 0.000000 0.608761
vn -0.766320 -0.258819 0.588018
vn -0.687064 -0.500000 0.527203
vn -0.560986 -0.707107 0.430459
vn -0.396677 -0.866025 0.304381
vn -0.205335 -0.965926 0.157559
vn -0.000000 -1.000000 0.000000
vn 0.205335 -0.965926 -0.157559
vn 0.396677 -0.866025 -0.304381
vn 0.560986 -0.707107 -0.430459
vn 0.687064 -0.500000 -0.527203
vn 0.766320 -0.258819 -0.588018
vn 0.793353 -0.000000 -0.608761
vn 0.866025 0.000000 -0.500000
vn 0.836516 0.258819 -0.482963
vn 0.750000 0.500000 -0.433013
vn 0.612372 0.707107 -0.353553
vn 0.433013 0.866025 -0.250000
vn 0.224144 0.965926 -0.129410
vn 0.000000 1.000000 -0.000000
vn -0.224144 0.965926 0.129410
vn -0.433013 0.866025 0.250000
vn -0.612372 0.707107 0.353553
vn -0.750000 0.500000 0.433013
vn -0.836516 0.258819 0.482963
vn -0.866025 0.000000 0.500000
vn -0.836516 -0.258819 0.482963
vn -0.750000 -0.500000 0.433013
vn -0.612372 -0.707107 0.353553
vn -0.433013 -0.866025 0.250000
vn -0.224144 -0.965926 0.129410
vn -0.000000 -1.000000 0.000000
vn 0.224144 -0.965926 -0.129410
vn 0.433013 -0.866025 -0.250000
vn 0.612372 -0.707107 -0.353553
vn 0.750000 -0.500000 -0.433013
vn 0.836516 -0.258819 -0.482963
vn 0.866025 -0.000000 -0.500000
vn 0.923880 0.000000 -0.382683
vn 0.892399 0.258819 -0.369644
vn 0.800103 0.500000 -0.331414
vn 0.653281 0.707107 -0.270598
vn 0.461940 0.866025 -0.191342
vn 0.239118 0.965926 -0.099046
vn 0.000000 1.000000 -0.000000
vn -0.239118 0.965926 0.099046
vn -0.461940 0.866025 0.191342
vn -0.653281 0.707107 0.270598
vn -0.800103 0.500000 0.331414
vn -0.892399 0.258819 0.369644
vn -0.923880 0.000000 0.382683
vn -0.892399 -0.258819 0.369644
vn -0.800103 -0.500000 0.331414
vn -0.653281 -0.707107 0.270598
vn -0.461940 -0.866025 0.191342
vn -0.239118 -0.965926 0.099046
vn -0.000000 -1.000000 0.000000
vn 0.239118 -0.965926 -0.099046
vn 0.461940 -0.866025 -0.191342
vn 0.653281 -0.707107 -0.270598
vn 0.800103 -0.500000 -0.331414
vn 0.892399 -0.258819 -0.369644
vn 0.923880 -0.000000 -0.382683
vn 0.965926 0.000000 -0.258819
vn 0.933013 0.258819 -0.250000
vn 0.836516 0.500000 -0.224144
vn 0.683013 0.707107 -0.183013
vn 0.482963 0.866025 -0.129410
vn 0.250000 0.965926 -0.066987
vn 0.000000 1.000000 -0.000000
vn -0.250000 0.965926 0.066987
vn -0.482963 0.866025 0.129410
vn -0.683013 0.707107 0.183013
vn -0.836516 0.500000 0.224144
vn -0.933013 0.258819 0.250000
vn -0.965926 0.000000 0.258819
vn -0.933013 -0.258819 0.250000
vn -0.836516 -0.500000 0.224144
vn -0.683013 -0.707107 0.183013
vn -0.482963 -0.866025 0.129410
vn -0.250000 -0.965926 0.066987
vn -0.000000 -1.000000 0.000000
vn 0.250000 -0.965926 -0.066987
vn 0.482963 -0.866025 -0.129410
vn 0.683013 -0.707107 -0.183013
vn 0.836516 -0.500000 -0.224144
vn 0.933013 -0.258819 -0.250000
vn 0.965926 -0.000000 -0.258819
vn 0.991445 0.000000 -0.130526
vn 0.957662 0.258819 -0.126079
vn 0.858616 0.500000 -0.113039
vn 0.701057 0.707107 -0.092296
vn 0.495722 0.866025 -0.065263
vn 0.256605 0.965926 -0.033783
vn 0.000000 1.000000 -0.000000
vn -0.256605 0.965926 0.033783
vn -0.495722 0.866025 0.065263
vn -0.701057 0.707107 0.092296
vn -0.858616 0.500000 0.113039
vn -0.957662 0.258819 0.126079
vn -0.991445 0.000000 0.130526
vn -0.957662 -0.258819 0.126079
vn -0.858616 -0.500000 0.113039
vn -0.701057 -0.707107 0.092296
vn -0.495722 -0.866025 0.065263
vn -0.256605 -0.965926 0.033783
vn -0.000000 -1.000000 0.000000
vn 0.256605 -0.965926 -0.033783
vn 0.495722 -0.866025 -0.065263
vn 0.701057 -0.707107 -0.092296
vn 0.858616 -0.500000 -0.113039
vn 0.957662 -0.258819 -0.126079
vn 0.991445 -0.000000 -0.130526
vn 1.000000 0.000000 -0.000000
vn 0.965926 0.258819 -0.000000
vn 0.866025 0.500000 -0.000000
vn 0.707107 0.707107 -0.000000
vn 0.500000 0.866025 -0.000000
vn 0.258819 0.965926 -0.000000
vn 0.000000 1.000000 -0.000000
vn -0.258819 0.965926 0.000000
vn -0.500000 0.866025 0.000000
vn -0.707107 0.707107 0.000000
vn -0.866025 0.500000 0.000000
vn -0.965926 0.258819 0.000000
vn -1.000000 0.000000 0.000000
vn -0.965926 -0.258819 0.000000
vn -0.866025 -0.500000 0.000000
vn -0.707107 -0.707107 0.000000
vn -0.500000 -0.866025 0.000000
vn -0.258819 -0.965926 0.000000
vn -0.000000 -1.000000 0.000000
vn 0.258819 -0.965926 -0.000000
vn 0.500000 -0.866025 -0.000000
vn 0.707107 -0.707107 -0.000000
vn 0.866025 -0.500000 -0.000000
vn 0.965926 -0.258819 -0.000000
vn 1.000000 -0.000000 -0.000000
f 1/1/1 2/2/2 27/27/27 26/26/26
f 2/2/2 3/3/3 28/28/28 27/27/27
f 3/3/3 4/4/4 29/29/29 28/28/28
f 4/4/4 5/5/5 30/30/30 29/29/29
f 5/5/5 6/6/6 31/31/31 30/30/30
f 6/6/6 7/7/7 32/32/32 31/31/31
f 7/7/7 8/8/8 33/33/33 32/32/32
f 8/8/8 9/9/9 34/34/34 33/33/33
f 9/9/9 10/10/10 35/35/35 34/34/34
f 10/10/10 11/11/11 36/36/36 35/35/35
f 11/11/11 12/12/12 37/37/37 36/36/36
f 12/12/12 13/13/13 38/38/38 37/37/37
f 13/13/13 14/14/14 39/39/39 38/38/38
f 14/14/14 15/15/15 40/40/40 39/39/39
f 15/15/15 16/16/16 41/41/41 40/40/40
f 16/16/16 17/17/17 42/42/42 41/41/41
f 17/17/17 18/18/18 43/43/43 42/42/42
f 18/18/18 19/19/19 44/44/44 43/43/43
f 19/19/19 20/20/20 45/45/45 44/44/44
f 20/20/20 21/21/21 46/46/46 45/45/45
f 21/21/21 22/22/22 47/47/47 46/46/46
f 22/22/22 23/23/23 48/48/48 47/47/47
f 23/23/23 24/24/24 49/49/49 48/48/48
f 24/24/24 25/25/25 50/50/50 49/49/49
f 26/26/26 27/27/27 52/52/52 51/51/51
f 27/27/27 28/28/28 53/53/53 52/52/52
f 28/28/28 29/29/29 54/54/54 53/53/53
f 29/29/29 30/30/30 55/55/55 54/54/54
f 30/30/30 31/31/31 56/56/56 55/55/55
f 31/31/31 32/32/32 57/57/57 56/56/56
f 32/32/32 33/33/33 58/58/58 57/57/57
f 33/33/33 34/34/34 59/59/59 58/58/58
f 34/34/34 35/35/35 60/60/60 59/59/59
f 35/35/35 36/36/36 61/61/61 60/60/60
f 36/36/36 37/37/37 62/62/62 61/61/61
f 37/37/37 38/38/38 63/63/63 62/62/62
f 38/38/38 39/39/39 64/64/64 63/63/63
f 39/39/39 40/40/40 65/65/65 64/64/64
f 40/40/40 41/41/41 66/66/66 65/65/65
f 41/41/41 42/42/42 67/67/67 66/66/66
f 42/42/42 43/43/43 68/68/68 67/67/67
f 43/43/43 44/44/44 69/69/69 68/68/68
f 44/44/44 45/45/45 70/70/70 69/69/69
f 45/45/45 46/46/46 71/71/71 70/70/70
f 46/46/46 47/47/47 72/72/72 71/71/71
f 47/47/47 48/48/48 73/73/73 72/72/72
f 48/48/48 49/49/49 74/74/74 73/73/73
f 49/49/49 50/50/50 75/75/75 74/74/74
f 51/51/51 52/52/52 77/77/77 76/76/76
f 52/52/52 53/53/53 78/78/78 77/77/77
f 53/53/53 54/54/54 79/79/79 78/78/78
f 54/54/54 55/55/55 80/80/80 79/79/79
f 55/55/55 56/56/56 81/81/81 80/80/80
f 56/56/56 57/57/57 82/82/82 81/81/81
f 57/57/57 58/58/58 83/83/83 82/82/82
f 58/58/58 59/59/59 84/84/84 83/83/83
f 59/59/59 60/60/60 85/85/85 84/84/84
f 60/60/60 61/61/61 86/86/86 85/85/85
f 61/61/61 62/62/62 87/87/87 86/86/86
f 62/62/62 63/63/63 88/88/88 87/87/87
f 63/63/63 64/64/64 89/89/89 88/88/88
f 64/64/64 65/65/65 90/90/90 89/89/89
f 65/65/65 66/66/66 91/91/91 90/90/90
f 66/66/66 67/67/67 92/92/92 91/91/91
f 67/67/67 68/68/68 93/93/93 92/92/92
f 68/68/68 69/69/69 94/94/94 93/93/93
f 69/69/69 70/70/70 95/95/95 94/94/94
f 70/70/70 71/71/71 96/96/96 95/95/95
f 71/71/71 72/72/72 97/97/97 96/96/96
f 72/72/72 73/73/73 98/98/98 97/97/97
f 73/73/73 74/74/74 99/99/99 98/98/98
f 74/74/74 75/75/75 100/100/100 99/99/99
f 76/76/76 77/77/77 102/102/102 101/101/101
f 77/77/77 78/78/78 103/103/103 102/102/102
f 78/78/78 79/79/79 104/104/104 103/103/103
f 79/79/79 80/80/80 105/105/105 104/104/104
f 80/80/80 81/81/81 106/106/106 105/105/105
f 81/81/81 82/82/82 107/107/107 106/106/106
f 82/82/82 83/83/83 108/108/108 107/107/107
f 83/83/83 84/84/84 109/109/109 108/108/108
f 84/84/84 85/85/85 110/110/110 109/109/109
f 85/85/85 86/86/86 111/111/111 110/110/110
f 86/86/86 87/87/87 112/112/112 111/111/111
f 87/87/87 88/88/88 113/113/113 112/112/112
f 88/88/88 89/89/89 114/114/114 113/113/113
f 89/89/89 90/90/90 115/115/115 114/114/114
f 90/90/90 91/91/91 116/116/116 115/115/115
f 91/91/91 92/92/92 117/117/117 116/116/116
f 92/92/92 93/93/93 118/118/118 117/117/117
f 93/93/93 94/94/94 119/119/119 118/118/118
f 94/94/94 95/95/95 120/120/120 119/119/119
f 95/95/95 96/96/96 121/121/121 120/120/120
f 96/96/96 97/97/97 122/122/122 121/121/121
f 97/97/97 98/98/98 123/123/123 122/122/122
f 98/98/98 99/99/99 124/124/124 123/123/123
f 99/99/99 100/100/100 125/125/125 124/124/124
f 101/101/101 102/102/102 127/127/127 126/126/126
f 102/102/102 103/103/103 128/128/128 127/127/127
f 103/103/103 104/104/104 129/129/129 128/128/128
f 104/104/104 105/105/105 130/130/130 129/129/129
f 105/105/105 106/106/106 131/131/131 130/130/130
f 106/106/106 107/107/107 132/132/132 131/131/131
f 107/107/107 108/108/108 133/133/133 132/132/132
f 108/108/108 109/109/109 134/134/134 133/133/133
f 109/109/109 110/110/110 135/135/135 134/134/134
f 110/110/110 111/111/111 136/136/136 135/135/135
f 111/111/111 112/112/112 137/137/137 136/136/136
f 112/112/112 113/113/113 138/138/138 137/137/137
f 113/113/113 114/114/114 139/139/139 138/138/138
f 114/114/114 115/115/115 140/140/140 139/139/139
f 115/115/115 116/116/116 141/141/141 140/140/140
f 116/116/116 117/117/117 142/142/142 141/141/141
f 117/117/117 118/118/118 143/143/143 142/142/142
f 118/118/118 119/119/119 144/144/144 143/143/143
f 119/119/119 120/120/120 145/145/145 144/144/144
f 120/120/120 121/121/121 146/146/146 145/145/145
f 121/121/121 122/122/122 147/147/147 146/146/146
f 122/122/122 123/123/123 148/148/148 147/147/147
f 123/123/123 124/124/124 149/149/149 148/148/148
f 124/124/124 125/125/125 150/150/150 149/149/149
f 126/126/126 127/127/127 152/152/152 151/151/151
f 127/127/127 128/128/128 153/153/153 152/152/152
f 128/128/128 129/129/129 154/154/154 153/153/153
f 129/129/129 130/130/130 155/155/155 154/154/154
f 130/130/130 131/131/131 156/156/156 155/155/155
f 131/131/131 132/132/132 157/157/157 156/156/156
f 132/132/132 133/133/133 158/158/158 157/157/157
f 133/133/133 134/134/134 159/159/159 158/158/158
f 134/134/134 135/135/135 160/160/160 159/159/159
f 135/135/135 136/136/136 161/161/161 160/160/160
f 136/136/136 137/137/137 162/162/162 161/161/161
f 137/137/137 138/138/138 163/163/163 162/162/162
f 138/138/138 139/139/139 164/164/164 163/163/163
f 139/139/139 140/140/140 165/165/165 164/164/164
f 140/140/140 141/141/141 166/166/166 165/165/165
f 141/141/141 142/142/142 167/167/167 166/166/166
f 142/142/142 143/143/143 168/168/168 167/167/167
f 143/143/143 144/144/144 169/169/169 168/168/168
f 144/144/144 145/145/145 170/170/170 169/169/169
f 145/145/145 146/146/146 171/171/171 170/170/170
f 146/146/146 147/147/147 172/172/172 171/171/171
f 147/147/147 148/148/148 173/173/173 172/172/172
f 148/148/148 149/149/149 174/174/174 173/173/173
f 149/149/149 150/150/150 175/175/175 174/174/174
f 151/151/151 152/152/152 177/177/177 176/176/176
f 152/152/152 153/153/153 178/178/178 177/177/177
f 153/153/153 154/154/154 179/179/179 178/178/178
f 154/154/154 155/155/155 180/180/180 179/179/179
f 155/155/155 156/156/156 181/181/181 180/180/180
f 156/156/156 157/157/157 182/182/182 181/181/181
f 157/157/157 158/158/158 183/183/183 182/182/182
f 158/158/158 159/159/159 184/184/184 183/183/183
f 159/159/159 160/160/160 185/185/185 184/184/184
f 160/160/160 161/161/161 186/186/186 185/185/185
f 161/161/161 162/162/162 187/187/187 186/186/186
f 162/162/162 163/163/163 188/188/188 187/187/187
f 163/163/163 164/164/164 189/189/189 188/188/188
f 164/164/164 165/165/165 190/190/190 189/189/189
f 165/165/165 166/166/166 191/191/191 190/190/190
f 166/166/166 167/167/167 192/192/192 191/191/191
f 167/167/167 168/168/168 193/193/193 192/192/192
f 168/168/168 169/169/169 194/194/194 193/193/193
f 169/169/169 170/170/170 195/195/195 194/194/194
f 170/170/170 171/171/171 196/196/196 195/195/195
f 171/171/171 172/172/172 197/197/197 196/196/196
f 172/172/172 173/173/173 198/198/198 197/197/197
f 173/173/173 174/174/174 199/199/199 198/198/198
f 174/174/174 175/175/175 200/200/200 199/199/199
f 176/176/176 177/177/177 202/202/202 201/201/201
f 177/177/177 178/178/178 203/203/203 202/202/202
f 178/178/178 179/179/179 204/204/204 203/203/203
f 179/179/179 180/180/180 205/205/205 204/204/204
f 180/180/180 181/181/181 206/206/206 205/205/205
f 181/181/181 182/182/182 207/207/207 206/206/206
f 182/182/182 183/183/183 208/208/208 207/207/207
f 183/183/183 184/184/184 209/209/209 208/208/208
f 184/184/184 185/185/185 210/210/210 209/209/209
f 185/185/185 186/186/186 211/211/211 210/210/210
f 186/186/186 187/187/187 212/212/212 211/211/211
f 187/187/187 188/188/188 213/213/213 212/212/212
f 188/188/188 189/189/189 214/214/214 213/213/213
f 189/189/189 190/190/190 215/215/215 214/214/214
f 190/190/190 191/191/191 216/216/216 215/215/215
f 191/191/191 192/192/192 217/217/217 216/216/216
f 192/192/192 193/193/193 218/218/218 217/217/217
f 193/193/193 194/194/194 219/219/219 218/218/218
f 194/194/194 195/195/195 220/220/220 219/219/219
f 195/195/195 196/196/196 221/221/221 220/220/220
f 196/196/196 197/197/197 222/222/222 221/221/221
f 197/197/197 198/198/198 223/223/223 222/222/222
f 198/198/198 199/199/199 224/224/224 223/223/223
f 199/199/199 200/200/200 225/225/225 224/224/224
f 201/201/201 202/202/202 227/227/227 226/226/226
f 202/202/202 203/203/203 228/228/228 227/227/227
f 203/203/203 204/204/204 229/229/229 228/228/228
f 204/204/204 205/205/205 230/230/230 229/229/229
f 205/205/205 206/206/206 231/231/231 230/230/230
f 206/206/206 207/207/207 232/232/232 231/231/231
f 207/207/207 208/208/208 233/233/233 232/232/232
f 208/208/208 209/209/209 234/234/234 233/233/233
f 209/209/209 210/210/210 235/235/235 234/234/234
f 210/210/210 211/211/211 236/236/236 235/235/235
f 211/211/211 212/212/212 237/237/237 236/236/236
f 212/212/212 213/213/213 238/238/238 237/237/237
f 213/213/213 214/214/214 239/239/239 238/238/238
f 214/214/214 215/215/215 240/240/240 239/239/239
f 215/215/215 216/216/216 241/241/241 240/240/240
f 216/216/216 217/217/217 242/242/242 241/241/241
f 217/217/217 218/218/218 243/243/243 242/242/242
f 218/218/218 219/219/219 244/244/244 243/243/243
f 219/219/219 220/220/220 245/245/245 244/244/244
f 220/220/220 221/221/221 246/246/246 245/245/245
f 221/221/221 222/222/222 247/247/247 246/246/246
f 222/222/222 223/223/223 248/248/248 247/247/247
f 223/223/223 224/224/224 249/249/249 248/248/248
f 224/224/224 225/225/225 250/250/250 249/249/249
f 226/226/226 227/227/227 252/252/252 251/251/251
f 227/227/227 228/228/228 253/253/253 252/252/252
f 228/228/228 229/229/229 254/254/254 253/253/253
f 229/229/229 230/230/230 255/255/255 254/254/254
f 230/230/230 231/231/231 256/256/256 255/255/255
f 231/231/231 232/232/232 257/257/257 256/256/256
f 232/232/232 233/233/233 258/258/258 257/257/257
f 233/233/233 234/234/234 259/259/259 258/258/258
f 234/234/234 235/235/235 260/260/260 259/259/259
f 235/235/235 236/236/236 261/261/261 260/260/260
f 236/236/236 237/237/237 262/262/262 261/261/261
f 237/237/237 238/238/238 263/263/263 262/262/262
f 238/238/238 239/239/239 264/264/264 263/263/263
f 239/239/239 240/240/240 265/265/265 264/264/264
f 240/240/240 241/241/241 266/266/266 265/265/265
f 241/241/241 242/242/242 267/267/267 266/266/266
f 242/242/242 243/243/243 268/268/268 267/267/267
f 243/243/243 244/244/244 269/269/269 268/268/268
f 244/244/244 245/245/245 270/270/270 269/269/269
f 245/245/245 246/246/246 271/271/271 270/270/270
f 246/246/246 247/247/247 272/272/272 271/271/271
f 247/247/247 248/248/248 273/273/273 272/272/272
f 248/248/248 249/249/249 274/274/274 273/273/273
f 249/249/249 250/250/250 275/275/275 274/274/274
f 251/251/251 252/252/252 277/277/277 276/276/276
f 252/252/252 253/253/253 278/278/278 277/277/277
f 253/253/253 254/254/254 279/279/279 278/278/278
f 254/254/254 255/255/255 280/280/280 279/279/279
f 255/255/255 256/256/256 281/281/281 280/280/280
f 256/256/256 257/257/257 282/282/282 281/281/281
f 257/257/257 258/258/258 283/283/283 282/282/282
f 258/258/258 259/259/259 284/284/284 283/283/283
f 259/259/259 260/260/260 285/285/285 284/284/284
f 260/260/260 261/261/261 286/286/286 285/285/285
f 261/261/261 262/262/262 287/287/287 286/286/286
f 262/262/262 263/263/263 288/288/288 287/287/287
f 263/263/263 264/264/264 289/289/289 288/288/288
f 264/264/264 265/265/265 290/290/290 289/289/289
f 265/265/265 266/266/266 291/291/291 290/290/290
f 266/266/266 267/267/267 292/292/292 291/291/291
f 267/267/267 268/268/268 293/293/293 292/292/292
f 268/268/268 269/269/269 294/294/294 293/293/293
f 269/269/269 270/270/270 295/295/295 294/294/294
f 270/270/270 271/271/271 296/296/296 295/295/295
f 271/271/271 272/272/272 297/297/297 296/296/296
f 272/272/272 273/273/273 298/298/298 297/297/297
f 273/273/273 274/274/274 299/299/299 298/298/298
f 274/274/274 275/275/275 300/300/300 299/299/299
f 276/276/276 277/277/277 302/302/302 301/301/301
f 277/277/277 278/278/278 303/303/303 302/302/302
f 278/278/278 279/279/279 304/304/304 303/303/303
f 279/279/279 280/280/280 305/305/305 304/304/304
f 280/280/280 281/281/281 306/306/306 305/305/305
f 281/281/281 282/282/282 307/307/307 306/306/306
f 282/282/282 283/283/283 308/308/308 307/307/307
f 283/283/283 284/284/284 309/309/309 308/308/308
f 284/284/284 285/285/285 310/310/310 309/309/309
f 285/285/285 286/286/286 311/311/311 310/310/310
f 286/286/286 287/287/287 312/312/312 311/311/311
f 287/287/287 288/288/288 313/313/313 312/312/312
f 288/288/288 289/289/289 314/314/314 313/313/313
f 289/289/289 290/290/290 315/315/315 314/314/314
f 290/290/290 291/291/291 316/316/316 315/315/315
f 291/291/291 292/292/292 317/317/317 316/316/316
f 292/292/292 293/293/293 318/318/318 317/317/317
f 293/293/293 294/294/294 319/319/319 318/318/318
f 294/294/294 295/295/295 320/320/320 319/319/319
f 295/295/295 296/296/296 321/321/321 320/320/320
f 296/296/296 297/297/297 322/322/322 321/321/321
f 297/297/297 298/298/298 323/323/323 322/322/322
f 298/298/298 299/299/299 324/324/324 323/323/323
f 299/299/299 300/300/300 325/325/325 324/324/324
f 301/301/301 302/302/302 327/327/327 326/326/326
f 302/302/302 303/303/303 328/328/328 327/327/327
f 303/303/303 304/304/304 329/329/329 328/328/328
f 304/304/304 305/305/305 330/330/330 329/329/329
f 305/305/305 306/306/306 331/331/331 330/330/330
f 306/306/306 307/307/307 332/332/332 331/331/331
f 307/307/307 308/308/308 333/333/333 332/332/332
f 308/308/308 309/309/309 334/334/334 333/333/333
f 309/309/309 310/310/310 335/335/335 334/334/334
f 310/310/310 311/311/311 336/336/336 335/335/335
f 311/311/311 312/312/312 337/337/337 336/336/336
f 312/312/312 313/313/313 338/338/338 337/337/337
f 313/313/313 314/314/314 339/339/339 338/338/338
f 314/314/314 315/315/315 340/340/340 339/339/339
f 315/315/315 316/316/316 341/341/341 340/340/340
f 316/316/316 317/317/317 342/342/342 341/341/341
f 317/317/317 318/318/318 343/343/343 342/342/342
f 318/318/318 319/319/319 344/344/344 343/343/343
f 319/319/319 320/320/320 345/345/345 344/344/344
f 320/320/320 321/321/321 346/346/346 345/345/345
f 321/321/321 322/322/322 347/347/347 346/346/346
f 322/322/322 323/323/323 348/348/348 347/347/347
f 323/323/323 324/324/324 349/349/349 348/348/348
f 324/324/324 325/325/325 350/350/350 349/349/349
f 326/326/326 327/327/327 352/352/352 351/351/351
f 327/327/327 328/328/328 353/353/353 352/352/352
f 328/328/328 329/329/329 354/354/354 353/353/353
f 329/329/329 330/330/330 355/355/355 354/354/354
f 330/330/330 331/331/331 356/356/356 355/355/355
f 331/331/331 332/332/332 357/357/357 356/356/356
f 332/332/332 333/333/333 358/358/358 357/357/357
f 333/333/333 334/334/334 359/359/359 358/358/358
f 334/334/334 335/335/335 360/360/360 359/359/359
f 335/335/335 336/336/336 361/361/361 360/360/360
f 336/336/336 337/337/337 362/362/362 361/361/361
f 337/337/337 338/338/338 363/363/363 362/362/362
f 338/338/338 339/339/339 364/364/364 363/363/363
f 339/339/339 340/340/340 365/365/365 364/364/364
f 340/340/340 341/341/341 366/366/366 365/365/365
f 341/341/341 342/342/342 367/367/367 366/366/366
f 342/342/342 343/343/343 368/368/368 367/367/367
f 343/343/343 344/344/344 369/369/369 368/368/368
f 344/344/344 345/345/345 370/370/370 369/369/369
f 345/345/345 346/346/346 371/371/371 370/370/370
f 346/346/346 347/347/347 372/372/372 371/371/371
f 347/347/347 348/348/348 373/373/373 372/372/372
f 348/348/348 349/349/349 374/374/374 373/373/373
f 349/349/349 350/350/350 375/375/375 374/374/374
f 351/351/351 352/352/352 377/377/377 376/376/376
f 352/352/352 353/353/353 378/378/378 377/377/377
f 353/353/353 354/354/354 379/379/379 378/378/378
f 354/354/354 355/355/355 380/380/380 379/379/379
f 355/355/355 356/356/356 381/381/381 380/380/380
f 356/356/356 357/357/357 382/382/382 381/381/381
f 357/357/357 358/358/358 383/383/383 382/382/382
f 358/358/358 359/359/359 384/384/384 383/383/383
f 359/359/359 360/360/360 385/385/385 384/384/384
f 360/360/360 361/361/361 386/386/386 385/385/385
f 361/361/361 362/362/362 387/387/387 386/386/386
f 362/362/362 363/363/363 388/388/388 387/387/387
f 363/363/363 364/364/364 389/389/389 388/388/388
f 364/364/364 365/365/365 390/390/390 389/389/389
f 365/365/365 366/366/366 391/391/391 390/390/390
f 366/366/366 367/367/367 392/392/392 391/391/391
f 367/367/367 368/368/368 393/393/393 392/392/392
f 368/368/368 369/369/369 394/394/394 393/393/393
f 369/369/369 370/370/370 395/395/395 394/394/394
f 370/370/370 371/371/371 396/396/396 395/395/395
f 371/371/371 372/372/372 397/397/397 396/396/396
f 372/372/372 373/373/373 398/398/398 397/397/397
f 373/373/373 374/374/374 399/399/399 398/398/398
f 374/374/374 375/375/375 400/400/400 399/399/399
f 376/376/376 377/377/377 402/402/402 401/401/401
f 377/377/377 378/378/378 403/403/403 402/402/402
f 378/378/378 379/379/379 404/404/404 403/403/403
f 379/379/379 380/380/380 405/405/405 404/404/404
f 380/380/380 381/381/381 406/406/406 405/405/405
f 381/381/381 382/382/382 407/407/407 406/406/406
f 382/382/382 383/383/383 408/408/408 407/407/407
f 383/383/383 384/384/384 409/409/409 408/408/408
f 384/384/384 385/385/385 410/410/410 409/409/409
f 385/385/385 386/386/386 411/411/411 410/410/410
f 386/386/386 387/387/387 412/412/412 411/411/411
f 387/387/387 388/388/388 413/413/413 412/412/412
f 388/388/388 389/389/389 414/414/414 413/413/413
f 389/389/389 390/390/390 415/415/415 414/414/414
f 390/390/390 391/391/391 416/416/416 415/415/415
f 391/391/391 392/392/392 417/417/417 416/416/416
f 392/392/392 393/393/393 418/418/418 417/417/417
f 393/393/393 394/394/394 419/419/419 418/418/418
f 394/394/394 395/395/395 420/420/420 419/419/419
f 395/395/395 396/396/396 421/421/421 420/420/420
f 396/396/396 397/397/397 422/422/422 421/421/421
f 397/397/397 398/398/398 423/423/423 422/422/422
f 398/398/398 399/399/399 424/424/424 423/423/423
f 399/399/399 400/400/400 425/425/425 424/424/424
f 401/401/401 402/402/402 427/427/427 426/426/426
f 402/402/402 403/403/403 428/428/428 427/427/427
f 403/403/403 404/404/404 429/429/429 428/428/428
f 404/404/404 405/405/405 430/430/430 429/429/429
f 405/405/405 406/406/406 431/431/431 430/430/430
f 406/406/406 407/407/407 432/432/432 431/431/431
f 407/407/407 408/408/408 433/433/433 432/432/432
f 408/408/408 409/409/409 434/434/434 433/433/433
f 409/409/409 410/410/410 435/435/435 434/434/434
f 410/410/410 411/411/411 436/436/436 435/435/435
f 411/411/411 412/412/412 437/437/437 436/436/436
f 412/412/412 413/413/413 438/438/438 437/437/437
f 413/413/413 414/414/414 439/439/439 438/438/438
f 414/414/414 415/415/415 440/440/440 439/439/439
f 415/415/415 416/416/416 441/441/441 440/440/440
f 416/416/416 417/417/417 442/442/442 441/441/441
f 417/417/417 418/418/418 443/443/443 442/442/442
f 418/418/418 419/419/419 444/444/444 443/443/443
f 419/419/419 420/420/420 445/445/445 444/444/444
f 420/420/420 421/421/421 446/446/446 445/445/445
f 421/421/421 422/422/422 447/447/447 446/446/446
f 422/422/422 423/423/423 448/448/448 447/447/447
f 423/423/423 424/424/424 449/449/449 448/448/448
f 424/424/424 425/425/425 450/450/450 449/449/449
f 426/426/426 427/427/427 452/452/452 451/451/451
f 427/427/427 428/428/428 453/453/453 452/452/452
f 428/428/428 429/429/429 454/454/454 453/453/453
f 429/429/429 430/430/430 455/455/455 454/454/454
f 430/430/430 431/431/431 456/456/456 455/455/455
f 431/431/431 432/432/432 457/457/457 456/456/456
f 432/432/432 433/433/433 458/458/458 457/457/457
f 433/433/433 434/434/434 459/459/459 458/458/458
f 434/434/434 435/435/435 460/460/460 459/459/459
f 435/435/435 436/436/436 461/461/461 460/460/460
f 436/436/436 437/437/437 462/462/462 461/461/461
f 437/437/437 438/438/438 463/463/463 462/462/462
f 438/438/438 439/439/439 464/464/464 463/463/463
f 439/439/439 440/440/440 465/465/465 464/464/464
f 440/440/440 441/441/441 466/466/466 465/465/465
f 441/441/441 442/442/442 467/467/467 466/466/466
f 442/442/442 443/443/443 468/468/468 467/467/467
f 443/443/443 444/444/444 469/469/469 468/468/468
f 444/444/444 445/445/445 470/470/470 469/469/469
f 445/445/445 446/446/446 471/471/471 470/470/470
f 446/446/446 447/447/447 472/472/472 471/471/471
f 447/447/447 448/448/448 473/473/473 472/472/472
f 448/448/448 449/449/449 474/474/474 473/473/473
f 449/449/449 450/450/450 475/475/475 474/474/474
f 451/451/451 452/452/452 477/477/477 476/476/476
f 452/452/452 453/453/453 478/478/478 477/477/477
f 453/453/453 454/454/454 479/479/479 478/478/478
f 454/454/454 455/455/455 480/480/480 479/479/479
f 455/455/455 456/456/456 481/481/481 480/480/480
f 456/456/456 457/457/457 482/482/482 481/481/481
f 457/457/457 458/458/458 483/483/483 482/482/482
f 458/458/458 459/459/459 484/484/484 483/483/483
f 459/459/459 460/460/460 485/485/485 484/484/484
f 460/460/460 461/461/461 486/486/486 485/485/485
f 461/461/461 462/462/462 487/487/487 486/486/486
f 462/462/462 463/463/463 488/488/488 487/487/487
f 463/463/463 464/464/464 489/489/489 488/488/488
f 464/464/464 465/465/465 490/490/490 489/489/489
f 465/465/465 466/466/466 491/491/491 490/490/490
f 466/466/466 467/467/467 492/492/492 491/491/491
f 467/467/467 468/468/468 493/493/493 492/492/492
f 468/468/468 469/469/469 494/494/494 493/493/493
f 469/469/469 470/470/470 495/495/495 494/494/494
f 470/470/470 471/471/471 496/496/496 495/495/495
f 471/471/471 472/472/472 497/497/497 496/496/496
f 472/472/472 473/473/473 498/498/498 497/497/497
f 473/473/473 474/474/474 499/499/499 498/498/498
f 474/474/474 475/475/475 500/500/500 499/499/499
f 476/476/476 477/477/477 502/502/502 501/501/501
f 477/477/477 478/478/478 503/503/503 502/502/502
f 478/478/478 479/479/479 504/504/504 503/503/503
f 479/479/479 480/480/480 505/505/505 504/504/504
f 480/480/480 481/481/481 506/506/506 505/505/505
f 481/481/481 482/482/482 507/507/507 506/506/506
f 482/482/482 483/483/483 508/508/508 507/507/507
f 483/483/483 484/484/484 509/509/509 508/508/508
f 484/484/484 485/485/485 510/510/510 509/509/509
f 485/485/485 486/486/486 511/511/511 510/510/510
f 486/486/486 487/487/487 512/512/512 511/511/511
f 487/487/487 488/488/488 513/513/513 512/512/512
f 488/488/488 489/489/489 514/514/514 513/513/513
f 489/489/489 490/490/490 515/515/515 514/514/514
f 490/490/490 491/491/491 516/516/516 515/515/515
f 491/491/491 492/492/492 517/517/517 516/516/516
f 492/492/492 493/493/493 518/518/518 517/517/517
f 493/493/493 494/494/494 519/519/519 518/518/518
f 494/494/494 495/495/495 520/520/520 519/519/519
f 495/495/495 496/496/496 521/521/521 520/520/520
f 496/496/496 497/497/497 522/522/522 521/521/521
f 497/497/497 498/498/498 523/523/523 522/522/522
f 498/498/498 499/499/499 524/524/524 523/523/523
f 499/499/499 500/500/500 525/525/525 524/524/524
f 501/501/501 502/502/502 527/527/527 526/526/526
f 502/502/502 503/503/503 528/528/528 527/527/527
f 503/503/503 504/504/504 529/529/529 528/528/528
f 504/504/504 505/505/505 530/530/530 529/529/529
f 505/505/505 506/506/506 531/531/531 530/530/530
f 506/506/506 507/507/507 532/532/532 531/531/531
f 507/507/507 508/508/508 533/533/533 532/532/532
f 508/508/508 509/509/509 534/534/534 533/533/533
f 509/509/509 510/510/510 535/535/535 534/534/534
f 510/510/510 511/511/511 536/536/536 535/535/535
f 511/511/511 512/512/512 537/537/537 536/536/536
f 512/512/512 513/513/513 538/538/538 537/537/537
f 513/513/513 514/514/514 539/539/539 538/538/538
f 514/514/514 515/515/515 540/540/540 539/539/539
f 515/515/515 516/516/516 541/541/541 540/540/540
f 516/516/516 517/517/517 542/542/542 541/541/541
f 517/517/517 518/518/518 543/543/543 542/542/542
f 518/518/518 519/519/519 544/544/544 543/543/543
f 519/519/519 520/520/520 545/545/545 544/544/544
f 520/520/520 521/521/521 546/546/546 545/545/545
f 521/521/521 522/522/522 547/547/547 546/546/546
f 522/522/522 523/523/523 548/548/548 547/547/547
f 523/523/523 524/524/524 549/549/549 548/548/548
f 524/524/524 525/525/525 550/550/550 549/549/549
f 526/526/526 527/527/527 552/552/552 551/551/551
f 527/527/527 528/528/528 553/553/553 552/552/552
f 528/528/528 529/529/529 554/554/554 553/553/553
f 529/529/529 530/530/530 555/555/555 554/554/554
f 530/530/530 531/531/531 556/556/556 555/555/555
f 531/531/531 532/532/532 557/557/557 556/556/556
f 532/532/532 533/533/533 558/558/558 557/557/557
f 533/533/533 534/534/534 559/559/559 558/558/558
f 534/534/534 535/535/535 560/560/560 559/559/559
f 535/535/535 536/536/536 561/561/561 560/560/560
f 536/536/536 537/537/537 562/562/562 561/561/561
f 537/537/537 538/538/538 563/563/563 562/562/562
f 538/538/538 539/539/539 564/564/564 563/563/563
f 539/539/539 540/540/540 565/565/565 564/564/564
f 540/540/540 541/541/541 566/566/566 565/565/565
f 541/541/541 542/542/542 567/567/567 566/566/566
f 542/542/542 543/543/543 568/568/568 567/567/567
f 543/543/543 544/544/544 569/569/569 568/568/568
f 544/544/544 545/545/545 570/570/570 569/569/569
f 545/545/545 546/546/546 571/571/571 570/570/570
f 546/546/546 547/547/547 572/572/572 571/571/571
f 547/547/547 548/548/548 573/573/573 572/572/572
f 548/548/548 549/549/549 574/574/574 573/573/573
f 549/549/549 550/550/550 575/575/575 574/574/574
f 551/551/551 552/552/552 577/577/577 576/576/576
f 552/552/552 553/553/553 578/578/578 577/577/577
f 553/553/553 554/554/554 579/579/579 578/578/578
f 554/554/554 555/555/555 580/580/580 579/579/579
f 555/555/555 556/556/556 581/581/581 580/580/580
f 556/556/556 557/557/557 582/582/582 581/581/581
f 557/557/557 558/558/558 583/583/583 582/582/582
f 558/558/558 559/559/559 584/584/584 583/583/583
f 559/559/559 560/560/560 585/585/585 584/584/584
f 560/560/560 561/561/561 586/586/586 585/585/585
f 561/561/561 562/562/562 587/587/587 586/586/586
f 562/562/562 563/563/563 588/588/588 587/587/587
f 563/563/563 564/564/564 589/589/589 588/588/588
f 564/564/564 565/565/565 590/590/590 589/589/589
f 565/565/565 566/566/566 591/591/591 590/590/590
f 566/566/566 567/567/567 592/592/592 591/591/591
f 567/567/567 568/568/568 593/593/593 592/592/592
f 568/568/568 569/569/569 594/594/594 593/593/593
f 569/569/569 570/570/570 595/595/595 594/594/594
f 570/570/570 571/571/571 596/596/596 595/595/595
f 571/571/571 572/572/572 597/597/597 596/596/596
f 572/572/572 573/573/573 598/598/598 597/597/597
f 573/573/573 574/574/574 599/599/599 598/598/598
f 574/574/574 575/575/575 600/600/600 599/599/599
f 576/576/576 577/577/577 602/602/602 601/601/601
f 577/577/577 578/578/578 603/603/603 602/602/602
f 578/578/578 579/579/579 604/604/604 603/603/603
f 579/579/579 580/580/580 605/605/605 604/604/604
f 580/580/580 581/581/581 606/606/606 605/605/605
f 581/581/581 582/582/582 607/607/607 606/606/606
f 582/582/582 583/583/583 608/608/608 607/607/607
f 583/583/583 584/584/584 609/609/609 608/608/608
f 584/584/584 585/585/585 610/610/610 609/609/609
f 585/585/585 586/586/586 611/611/611 610/610/610
f 586/586/586 587/587/587 612/612/612 611/611/611
f 587/587/587 588/588/588 613/613/613 612/612/612
f 588/588/588 589/589/589 614/614/614 613/613/613
f 589/589/589 590/590/590 615/615/615 614/614/614
f 590/590/590 591/591/591 616/616/616 615/615/615
f 591/591/591 592/592/592 617/617/617 616/616/616
f 592/592/592 593/593/593 618/618/618 617/617/617
f 593/593/593 594/594/594 619/619/619 618/618/618
f 594/594/594 595/595/595 620/620/620 619/619/619
f 595/595/595 596/596/596 621/621/621 620/620/620
f 596/596/596 597/597/597 622/622/622 621/621/621
f 597/597/597 598/598/598 623/623/623 622/622/622
f 598/598/598 599/599/599 624/624/624 623/623/623
f 599/599/599 600/600/600 625/625/625 624/624/624
f 601/601/601 602/602/602 627/627/627 626/626/626
f 602/602/602 603/603/603 628/628/628 627/627/627
f 603/603/603 604/604/604 629/629/629 628/628/628
f 604/604/604 605/605/605 630/630/630 629/629/629
f 605/605/605 606/606/606 631/631/631 630/630/630
f 606/606/606 607/607/607 632/632/632 631/631/631
f 607/607/607 608/608/608 633/633/633 632/632/632
f 608/608/608 609/609/609 634/634/634 633/633/633
f 609/609/609 610/610/610 635/635/635 634/634/634
f 610/610/610 611/611/611 636/636/636 635/635/635
f 611/611/611 612/612/612 637/637/637 636/636/636
f 612/612/612 613/613/613 638/638/638 637/637/637
f 613/613/613 614/614/614 639/639/639 638/638/638
f 614/614/614 615/615/615 640/640/640 639/639/639
f 615/615/615 616/616/616 641/641/641 640/640/640
f 616/616/616 617/617/617 642/642/642 641/641/641
f 617/617/617 618/618/618 643/643/643 642/642/642
f 618/618/618 619/619/619 644/644/644 643/643/643
f 619/619/619 620/620/620 645/645/645 644/644/644
f 620/620/620 621/621/621 646/646/646 645/645/645
f 621/621/621 622/622/622 647/647/647 646/646/646
f 622/622/622 623/623/623 648/648/648 647/647/647
f 623/623/623 624/624/624 649/649/649 648/648/648
f 624/624/624 625/625/625 650/650/650 649/649/649
f 626/626/626 627/627/627 652/652/652 651/651/651
f 627/627/627 628/628/628 653/653/653 652/652/652
f 628/628/628 629/629/629 654/654/654 653/653/653
f 629/629/629 630/630/630 655/655/655 654/654/654
f 630/630/630 631/631/631 656/656/656 655/655/655
f 631/631/631 632/632/632 657/657/657 656/656/656
f 632/632/632 633/633/633 658/658/658 657/657/657
f 633/633/633 634/634/634 659/659/659 658/658/658
f 634/634/634 635/635/635 660/660/660 659/659/659
f 635/635/635 636/636/636 661/661/661 660/660/660
f 636/636/636 637/637/637 662/662/662 661/661/661
f 637/637/637 638/638/638 663/663/663 662/662/662
f 638/638/638 639/639/639 664/664/664 663/663/663
f 639/639/639 640/640/640 665/665/665 664/664/664
f 640/640/640 641/641/641 666/666/666 665/665/665
f 641/641/641 642/642/642 667/667/667 666/666/666
f 642/642/642 643/643/643 668/668/668 667/667/667
f 643/643/643 644/644/644 669/669/669 668/668/668
f 644/644/644 645/645/645 670/670/670 669/669/669
f 645/645/645 646/646/646 671/671/671 670/670/670
f 646/646/646 647/647/647 672/672/672 671/671/671
f 647/647/647 648/648/648 673/673/673 672/672/672
f 648/648/648 649/649/649 674/674/674 673/673/673
f 649/649/649 650/650/650 675/675/675 674/674/674
f 651/651/651 652/652/652 677/677/677 676/676/676
f 652/652/652 653/653/653 678/678/678 677/677/677
f 653/653/653 654/654/654 679/679/679 678/678/678
f 654/654/654 655/655/655 680/680/680 679/679/679
f 655/655/655 656/656/656 681/681/681 680/680/680
f 656/656/656 657/657/657 682/682/682 681/681/681
f 657/657/657 658/658/658 683/683/683 682/682/682
f 658/658/658 659/659/659 684/684/684 683/683/683
f 659/659/659 660/660/660 685/685/685 684/684/684
f 660/660/660 661/661/661 686/686/686 685/685/685
f 661/661/661 662/662/662 687/687/687 686/686/686
f 662/662/662 663/663/663 688/688/688 687/687/687
f 663/663/663 664/664/664 689/689/689 688/688/688
f 664/664/664 665/665/665 690/690/690 689/689/689
f 665/665/665 666/666/666 691/691/691 690/690/690
f 666/666/666 667/667/667 692/692/692 691/691/691
f 667/667/667 668/668/668 693/693/693 692/692/692
f 668/668/668 669/669/669 694/694/694 693/693/693
f 669/669/669 670/670/670 695/695/695 694/694/694
f 670/670/670 671/671/671 696/696/696 695/695/695
f 671/671/671 672/672/672 697/697/697 696/696/696
f 672/672/672 673/673/673 698/698/698 697/697/697
f 673/673/673 674/674/674 699/699/699 698/698/698
f 674/674/674 675/675/675 700/700/700 699/699/699
f 676/676/676 677/677/677 702/702/702 701/701/701
f 677/677/677 678/678/678 703/703/703 702/702/702
f 678/678/678 679/679/679 704/704/704 703/703/703
f 679/679/679 680/680/680 705/705/705 704/704/704
f 680/680/680 681/681/681 706/706/706 705/705/705
f 681/681/681 682/682/682 707/707/707 706/706/706
f 682/682/682 683/683/683 708/708/708 707/707/707
f 683/683/683 684/684/684 709/709/709 708/708/708
f 684/684/684 685/685/685 710/710/710 709/709/709
f 685/685/685 686/686/686 711/711/711 710/710/710
f 686/686/686 687/687/687 712/712/712 711/711/711
f 687/687/687 688/688/688 713/713/713 712/712/712
f 688/688/688 689/689/689 714/714/714 713/713/713
f 689/689/689 690/690/690 715/715/715 714/714/714
f 690/690/690 691/691/691 716/716/716 715/715/715
f 691/691/691 692/692/692 717/717/717 716/716/716
f 692/692/692 693/693/693 718/718/718 717/717/717
f 693/693/693 694/694/694 719/719/719 718/718/718
f 694/694/694 695/695/695 720/720/720 719/719/719
f 695/695/695 696/696/696 721/721/721 720/720/720
f 696/696/696 697/697/697 722/722/722 721/721/721
f 697/697/697 698/698/698 723/723/723 722/722/722
f 698/698/698 699/699/699 724/724/724 723/723/723
f 699/699/699 700/700/700 725/725/725 724/724/724
f 701/701/701 702/702/702 727/727/727 726/726/726
f 702/702/702 703/703/703 728/728/728 727/727/727
f 703/703/703 704/704/704 729/729/729 728/728/728
f 704/704/704 705/705/705 730/730/730 729/729/729
f 705/705/705 706/706/706 731/731/731 730/730/730
f 706/706/706 707/707/707 732/732/732 731/731/731
f 707/707/707 708/708/708 733/733/733 732/732/732
f 708/708/708 709/709/709 734/734/734 733/733/733
f 709/709/709 710/710/710 735/735/735 734/734/734
f 710/710/710 711/711/711 736/736/736 735/735/735
f 711/711/711 712/712/712 737/737/737 736/736/736
f 712/712/712 713/713/713 738/738/738 737/737/737
f 713/713/713 714/714/714 739/739/739 738/738/738
f 714/714/714 715/715/715 740/740/740 739/739/739
f 715/715/715 716/716/716 741/741/741 740/740/740
f 716/716/716 717/717/717 742/742/742 741/741/741
f 717/717/717 718/718/718 743/743/743 742/742/742
f 718/718/718 719/719/719 744/744/744 743/743/743
f 719/719/719 720/720/720 745/745/745 744/744/744
f 720/720/720 721/721/721 746/746/746 745/745/745
f 721/721/721 722/722/722 747/747/747 746/746/746
f 722/722/722 723/723/723 748/748/748 747/747/747
f 723/723/723 724/724/724 749/749/749 748/748/748
f 724/724/724 725/725/725 750/750/750 749/749/749
f 726/726/726 727/727/727 752/752/752 751/751/751
f 727/727/727 728/728/728 753/753/753 752/752/752
f 728/728/728 729/729/729 754/754/754 753/753/753
f 729/729/729 730/730/730 755/755/755 754/754/754
f 730/730/730 731/731/731 756/756/756 755/755/755
f 731/731/731 732/732/732 757/757/757 756/756/756
f 732/732/732 733/733/733 758/758/758 757/757/757
f 733/733/733 734/734/734 759/759/759 758/758/758
f 734/734/734 735/735/735 760/760/760 759/759/759
f 735/735/735 736/736/736 761/761/761 760/760/760
f 736/736/736 737/737/737 762/762/762 761/761/761
f 737/737/737 738/738/738 763/763/763 762/762/762
f 738/738/738 739/739/739 764/764/764 763/763/763
f 739/739/739 740/740/740 765/765/765 764/764/764
f 740/740/740 741/741/741 766/766/766 765/765/765
f 741/741/741 742/742/742 767/767/767 766/766/766
f 742/742/742 743/743/743 768/768/768 767/767/767
f 743/743/743 744/744/744 769/769/769 768/768/768
f 744/744/744 745/745/745 770/770/770 769/769/769
f 745/745/745 746/746/746 771/771/771 770/770/770
f 746/746/746 747/747/747 772/772/772 771/771/771
f 747/747/747 748/748/748 773/773/773 772/772/772
f 748/748/748 749/749/749 774/774/774 773/773/773
f 749/749/749 750/750/750 775/775/775 774/774/774
f 751/751/751 752/752/752 777/777/777 776/776/776
f 752/752/752 753/753/753 778/778/778 777/777/777
f 753/753/753 754/754/754 779/779/779 778/778/778
f 754/754/754 755/755/755 780/780/780 779/779/779
f 755/755/755 756/756/756 781/781/781 780/780/780
f 756/756/756 757/757/757 782/782/782 781/781/781
f 757/757/757 758/758/758 783/783/783 782/782/782
f 758/758/758 759/759/759 784/784/784 783/783/783
f 759/759/759 760/760/760 785/785/785 784/784/784
f 760/760/760 761/761/761 786/786/786 785/785/785
f 761/761/761 762/762/762 787/787/787 786/786/786
f 762/762/762 763/763/763 788/788/788 787/787/787
f 763/763/763 764/764/764 789/789/789 788/788/788
f 764/764/764 765/765/765 790/790/790 789/789/789
f 765/765/765 766/766/766 791/791/791 790/790/790
f 766/766/766 767/767/767 792/792/792 791/791/791
f 767/767/767 768/768/768 793/793/793 792/792/792
f 768/768/768 769/769/769 794/794/794 793/793/793
f 769/769/769 770/770/770 795/795/795 794/794/794
f 770/770/770 771/771/771 796/796/796 795/795/795
f 771/771/771 772/772/772 797/797/797 796/796/796
f 772/772/772 773/773/773 798/798/798 797/797/797
f 773/773/773 774/774/774 799/799/799 798/798/798
f 774/774/774 775/775/775 800/800/800 799/799/799
f 776/776/776 777/777/777 802/802/802 801/801/801
f 777/777/777 778/778/778 803/803/803 802/802/802
f 778/778/778 779/779/779 804/804/804 803/803/803
f 779/779/779 780/780/780 805/805/805 804/804/804
f 780/780/780 781/781/781 806/806/806 805/805/805
f 781/781/781 782/782/782 807/807/807 806/806/806
f 782/782/782 783/783/783 808/808/808 807/807/807
f 783/783/783 784/784/784 809/809/809 808/808/808
f 784/784/784 785/785/785 810/810/810 809/809/809
f 785/785/785 786/786/786 811/811/811 810/810/810
f 786/786/786 787/787/787 812/812/812 811/811/811
f 787/787/787 788/788/788 813/813/813 812/812/812
f 788/788/788 789/789/789 814/814/814 813/813/813
f 789/789/789 790/790/790 815/815/815 814/814/814
f 790/790/790 791/791/791 816/816/816 815/815/815
f 791/791/791 792/792/792 817/817/817 816/816/816
f 792/792/792 793/793/793 818/818/818 817/817/817
f 793/793/793 794/794/794 819/819/819 818/818/818
f 794/794/794 795/795/795 820/820/820 819/819/819
f 795/795/795 796/796/796 821/821/821 820/820/820
f 796/796/796 797/797/797 822/822/822 821/821/821
f 797/797/797 798/798/798 823/823/823 822/822/822
f 798/798/798 799/799/799 824/824/824 823/823/823
f 799/799/799 800/800/800 825/825/825 824/824/824
f 801/801/801 802/802/802 827/827/827 826/826/826
f 802/802/802 803/803/803 828/828/828 827/827/827
f 803/803/803 804/804/804 829/829/829 828/828/828
f 804/804/804 805/805/805 830/830/830 829/829/829
f 805/805/805 806/806/806 831/831/831 830/830/830
f 806/806/806 807/807/807 832/832/832 831/831/831
f 807/807/807 808/808/808 833/833/833 832/832/832
f 808/808/808 809/809/809 834/834/834 833/833/833
f 809/809/809 810/810/810 835/835/835 834/834/834
f 810/810/810 811/811/811 836/836/836 835/835/835
f 811/811/811 812/812/812 837/837/837 836/836/836
f 812/812/812 813/813/813 838/838/838 837/837/837
f 813/813/813 814/814/814 839/839/839 838/838/838
f 814/814/814 815/815/815 840/840/840 839/839/839
f 815/815/815 816/816/816 841/841/841 840/840/840
f 816/816/816 817/817/817 842/842/842 841/841/841
f 817/817/817 818/818/818 843/843/843 842/842/842
f 818/818/818 819/819/819 844/844/844 843/843/843
f 819/819/819 820/820/820 845/845/845 844/844/844
f 820/820/820 821/821/821 846/846/846 845/845/845
f 821/821/821 822/822/822 847/847/847 846/846/846
f 822/822/822 823/823/823 848/848/848 847/847/847
f 823/823/823 824/824/824 849/849/849 848/848/848
f 824/824/824 825/825/825 850/850/850 849/849/849
f 826/826/826 827/827/827 852/852/852 851/851/851
f 827/827/827 828/828/828 853/853/853 852/852/852
f 828/828/828 829/829/829 854/854/854 853/853/853
f 829/829/829 830/830/830 855/855/855 854/854/854
f 830/830/830 831/831/831 856/856/856 855/855/855
f 831/831/831 832/832/832 857/857/857 856/856/856
f 832/832/832 833/833/833 858/858/858 857/857/857
f 833/833/833 834/834/834 859/859/859 858/858/858
f 834/834/834 835/835/835 860/860/860 859/859/859
f 835/835/835 836/836/836 861/861/861 860/860/860
f 836/836/836 837/837/837 862/862/862 861/861/861
f 837/837/837 838/838/838 863/863/863 862/862/862
f 838/838/838 839/839/839 864/864/864 863/863/863
f 839/839/839 840/840/840 865/865/865 864/864/864
f 840/840/840 841/841/841 866/866/866 865/865/865
f 841/841/841 842/842/842 867/867/867 866/866/866
f 842/842/842 843/843/843 868/868/868 867/867/867
f 843/843/843 844/844/844 869/869/869 868/868/868
f 844/844/844 845/845/845 870/870/870 869/869/869
f 845/845/845 846/846/846 871/871/871 870/870/870
f 846/846/846 847/847/847 872/872/872 871/871/871
f 847/847/847 848/848/848 873/873/873 872/872/872
f 848/848/848 849/849/849 874/874/874 873/873/873
f 849/849/849 850/850/850 875/875/875 874/874/874
f 851/851/851 852/852/852 877/877/877 876/876/876
f 852/852/852 853/853/853 878/878/878 877/877/877
f 853/853/853 854/854/854 879/879/879 878/878/878
f 854/854/854 855/855/855 880/880/880 879/879/879
f 855/855/855 856/856/856 881/881/881 880/880/880
f 856/856/856 857/857/857 882/882/882 881/881/881
f 857/857/857 858/858/858 883/883/883 882/882/882
f 858/858/858 859/859/859 884/884/884 883/883/883
f 859/859/859 860/860/860 885/885/885 884/884/884
f 860/860/860 861/861/861 886/886/886 885/885/885
f 861/861/861 862/862/862 887/887/887 886/886/886
f 862/862/862 863/863/863 888/888/888 887/887/887
f 863/863/863 864/864/864 889/889/889 888/888/888
f 864/864/864 865/865/865 890/890/890 889/889/889
f 865/865/865 866/866/866 891/891/891 890/890/890
f 866/866/866 867/867/867 892/892/892 891/891/891
f 867/867/867 868/868/868 893/893/893 892/892/892
f 868/868/868 869/869/869 894/894/894 893/893/893
f 869/869/869 870/870/870 895/895/895 894/894/894
f 870/870/870 871/871/871 896/896/896 895/895/895
f 871/871/871 872/872/872 897/897/897 896/896/896
f 872/872/872 873/873/873 898/898/898 897/897/897
f 873/873/873 874/874/874 899/899/899 898/898/898
f 874/874/874 875/875/875 900/900/900 899/899/899
f 876/876/876 877/877/877 902/902/902 901/901/901
f 877/877/877 878/878/878 903/903/903 902/902/902
f 878/878/878 879/879/879 904/904/904 903/903/903
f 879/879/879 880/880/880 905/905/905 904/904/904
f 880/880/880 881/881/881 906/906/906 905/905/905
f 881/881/881 882/882/882 907/907/907 906/906/906
f 882/882/882 883/883/883 908/908/908 907/907/907
f 883/883/883 884/884/884 909/909/909 908/908/908
f 884/884/884 885/885/885 910/910/910 909/909/909
f 885/885/885 886/886/886 911/911/911 910/910/910
f 886/886/886 887/887/887 912/912/912 911/911/911
f 887/887/887 888/888/888 913/913/913 912/912/912
f 888/888/888 889/889/889 914/914/914 913/913/913
f 889/889/889 890/890/890 915/915/915 914/914/914
f 890/890/890 891/891/891 916/916/916 915/915/915
f 891/891/891 892/892/892 917/917/917 916/916/916
f 892/892/892 893/893/893 918/918/918 917/917/917
f 893/893/893 894/894/894 919/919/919 918/918/918
f 894/894/894 895/895/895 920/920/920 919/919/919
f 895/895/895 896/896/896 921/921/921 920/920/920
f 896/896/896 897/897/897 922/922/922 921/921/921
f 897/897/897 898/898/898 923/923/923 922/922/922
f 898/898/898 899/899/899 924/924/924 923/923/923
f 899/899/899 900/900/900 925/925/925 924/924/924
f 901/901/901 902/902/902 927/927/927 926/926/926
f 902/902/902 903/903/903 928/928/928 927/927/927
f 903/903/903 904/904/904 929/929/929 928/928/928
f 904/904/904 905/905/905 930/930/930 929/929/929
f 905/905/905 906/906/906 931/931/931 930/930/930
f 906/906/906 907/907/907 932/932/932 931/931/931
f 907/907/907 908/908/908 933/933/933 932/932/932
f 908/908/908 909/909/909 934/934/934 933/933/933
f 909/909/909 910/910/910 935/935/935 934/934/934
f 910/910/910 911/911/911 936/936/936 935/935/935
f 911/911/911 912/912/912 937/937/937 936/936/936
f 912/912/912 913/913/913 938/938/938 937/937/937
f 913/913/913 914/914/914 939/939/939 938/938/938
f 914/914/914 915/915/915 940/940/940 939/939/939
f 915/915/915 916/916/916 941/941/941 940/940/940
f 916/916/916 917/917/917 942/942/942 941/941/941
f 917/917/917 918/918/918 943/943/943 942/942/942
f 918/918/918 919/919/919 944/944/944 943/943/943
f 919/919/919 920/920/920 945/945/945 944/944/944
f 920/920/920 921/921/921 946/946/946 945/945/945
f 921/921/921 922/922/922 947/947/947 946/946/946
f 922/922/922 923/923/923 948/948/948 947/947/947
f 923/923/923 924/924/924 949/949/949 948/948/948
f 924/924/924 925/925/925 950/950/950 949/949/949
f 926/926/926 927/927/927 952/952/952 951/951/951
f 927/927/927 928/928/928 953/953/953 952/952/952
f 928/928/928 929/929/929 954/954/954 953/953/953
f 929/929/929 930/930/930 955/955/955 954/954/954
f 930/930/930 931/931/931 956/956/956 955/955/955
f 931/931/931 932/932/932 957/957/957 956/956/956
f 932/932/932 933/933/933 958/958/958 957/957/957
f 933/933/933 934/934/934 959/959/959 958/958/958
f 934/934/934 935/935/935 960/960/960 959/959/959
f 935/935/935 936/936/936 961/961/961 960/960/960
f 936/936/936 937/937/937 962/962/962 961/961/961
f 937/937/937 938/938/938 963/963/963 962/962/962
f 938/938/938 939/939/939 964/964/964 963/963/963
f 939/939/939 940/940/940 965/965/965 964/964/964
f 940/940/940 941/941/941 966/966/966 965/965/965
f 941/941/941 942/942/942 967/967/967 966/966/966
f 942/942/942 943/943/943 968/968/968 967/967/967
f 943/943/943 944/944/944 969/969/969 968/968/968
f 944/944/944 945/945/945 970/970/970 969/969/969
f 945/945/945 946/946/946 971/971/971 970/970/970
f 946/946/946 947/947/947 972/972/972 971/971/971
f 947/947/947 948/948/948 973/973/973 972/972/972
f 948/948/948 949/949/949 974/974/974 973/973/973
f 949/949/949 950/950/950 975/975/975 974/974/974
f 951/951/951 952/952/952 977/977/977 976/976/976
f 952/952/952 953/953/953 978/978/978 977/977/977
f 953/953/953 954/954/954 979/979/979 978/978/978
f 954/954/954 955/955/955 980/980/980 979/979/979
f 955/955/955 956/956/956 981/981/981 980/980/980
f 956/956/956 957/957/957 982/982/982 981/981/981
f 957/957/957 958/958/958 983/983/983 982/982/982
f 958/958/958 959/959/959 984/984/984 983/983/983
f 959/959/959 960/960/960 985/985/985 984/984/984
f 960/960/960 961/961/961 986/986/986 985/985/985
f 961/961/961 962/962/962 987/987/987 986/986/986
f 962/962/962 963/963/963 988/988/988 987/987/987
f 963/963/963 964/964/964 989/989/989 988/988/988
f 964/964/964 965/965/965 990/990/990 989/989/989
f 965/965/965 966/966/966 991/991/991 990/990/990
f 966/966/966 967/967/967 992/992/992 991/991/991
f 967/967/967 968/968/968 993/993/993 992/992/992
f 968/968/968 969/969/969 994/994/994 993/993/993
f 969/969/969 970/970/970 995/995/995 994/994/994
f 970/970/970 971/971/971 996/996/996 995/995/995
f 971/971/971 972/972/972 997/997/997 996/996/996
f 972/972/972 973/973/973 998/998/998 997/997/997
f 973/973/973 974/974/974 999/999/999 998/998/998
f 974/974/974 975/975/975 1000/1000/1000 999/999/999
f 976/976/976 977/977/977 1002/1002/1002 1001/1001/1001
f 977/977/977 978/978/978 1003/1003/1003 1002/1002/1002
f 978/978/978 979/979/979 1004/1004/1004 1003/1003/1003
f 979/979/979 980/980/980 1005/1005/1005 1004/1004/1004
f 980/980/980 981/981/981 1006/1006/1006 1005/1005/1005
f 981/981/981 982/982/982 1007/1007/1007 1006/1006/1006
f 982/982/982 983/983/983 1008/1008/1008 1007/1007/1007
f 983/983/983 984/984/984 1009/1009/1009 1008/1008/1008
f 984/984/984 985/985/985 1010/1010/1010 1009/1009/1009
f 985/985/985 986/986/986 1011/1011/1011 1010/1010/1010
f 986/986/986 987/987/987 1012/1012/1012 1011/1011/1011
f 987/987/987 988/988/988 1013/1013/1013 1012/1012/1012
f 988/988/988 989/989/989 1014/1014/1014 1013/1013/1013
f 989/989/989 990/990/990 1015/1015/1015 1014/1014/1014
f 990/990/990 991/991/991 1016/1016/1016 1015/1015/1015
f 991/991/991 992/992/992 1017/1017/1017 1016/1016/1016
f 992/992/992 993/993/993 1018/1018/1018 1017/1017/1017
f 993/993/993 994/994/994 1019/1019/1019 1018/1018/1018
f 994/994/994 995/995/995 1020/1020/1020 1019/1019/1019
f 995/995/995 996/996/996 1021/1021/1021 1020/1020/1020
f 996/996/996 997/997/997 1022/1022/1022 1021/1021/1021
f 997/997/997 998/998/998 1023/1023/1023 1022/1022/1022
f 998/998/998 999/999/999 1024/1024/1024 1023/1023/1023
f 999/999/999 1000/1000/1000 1025/1025/1025 1024/1024/1024
f 1001/1001/1001 1002/1002/1002 1027/1027/1027 1026/1026/1026
f 1002/1002/1002 1003/1003/1003 1028/1028/1028 1027/1027/1027
f 1003/1003/1003 1004/1004/1004 1029/1029/1029 1028/1028/1028
f 1004/1004/1004 1005/1005/1005 1030/1030/1030 1029/1029/1029
f 1005/1005/1005 1006/1006/1006 1031/1031/1031 1030/1030/1030
f 1006/1006/1006 1007/1007/1007 1032/1032/1032 1031/1031/1031
f 1007/1007/1007 1008/1008/1008 1033/1033/1033 1032/1032/1032
f 1008/1008/1008 1009/1009/1009 1034/1034/1034 1033/1033/1033
f 1009/1009/1009 1010/1010/1010 1035/1035/1035 1034/1034/1034
f 1010/1010/1010 1011/1011/1011 1036/1036/1036 1035/1035/1035
f 1011/1011/1011 1012/1012/1012 1037/1037/1037 1036/1036/1036
f 1012/1012/1012 1013/1013/1013 1038/1038/1038 1037/1037/1037
f 1013/1013/1013 1014/1014/1014 1039/1039/1039 1038/1038/1038
f 1014/1014/1014 1015/1015/1015 1040/1040/1040 1039/1039/1039
f 1015/1015/1015 1016/1016/1016 1041/1041/1041 1040/1040/1040
f 1016/1016/1016 1017/1017/1017 1042/1042/1042 1041/1041/1041
f 1017/1017/1017 1018/1018/1018 1043/1043/1043 1042/1042/1042
f 1018/1018/1018 1019/1019/1019 1044/1044/1044 1043/1043/1043
f 1019/1019/1019 1020/1020/1020 1045/1045/1045 1044/1044/1044
f 1020/1020/1020 1021/1021/1021 1046/1046/1046 1045/1045/1045
f 1021/1021/1021 1022/1022/1022 1047/1047/1047 1046/1046/1046
f 1022/1022/1022 1023/1023/1023 1048/1048/1048 1047/1047/1047
f 1023/1023/1023 1024/1024/1024 1049/1049/1049 1048/1048/1048
f 1024/1024/1024 1025/1025/1025 1050/1050/1050 1049/1049/1049
f 1026/1026/1026 1027/1027/1027 1052/1052/1052 1051/1051/1051
f 1027/1027/1027 1028/1028/1028 1053/1053/1053 1052/1052/1052
f 1028/1028/1028 1029/1029/1029 1054/1054/1054 1053/1053/1053
f 1029/1029/1029 1030/1030/1030 1055/1055/1055 1054/1054/1054
f 1030/1030/1030 1031/1031/1031 1056/1056/1056 1055/1055/1055
f 1031/1031/1031 1032/1032/1032 1057/1057/1057 1056/1056/1056
f 1032/1032/1032 1033/1033/1033 1058/1058/1058 1057/1057/1057
f 1033/1033/1033 1034/1034/1034 1059/1059/1059 1058/1058/1058
f 1034/1034/1034 1035/1035/1035 1060/1060/1060 1059/1059/1059
f 1035/1035/1035 1036/1036/1036 1061/1061/1061 1060/1060/1060
f 1036/1036/1036 1037/1037/1037 1062/1062/1062 1061/1061/1061
f 1037/1037/1037 1038/1038/1038 1063/1063/1063 1062/1062/1062
f 1038/1038/1038 1039/1039/1039 1064/1064/1064 1063/1063/1063
f 1039/1039/1039 1040/1040/1040 1065/1065/1065 1064/1064/1064
f 1040/1040/1040 1041/1041/1041 1066/1066/1066 1065/1065/1065
f 1041/1041/1041 1042/1042/1042 1067/1067/1067 1066/1066/1066
f 1042/1042/1042 1043/1043/1043 1068/1068/1068 1067/1067/1067
f 1043/1043/1043 1044/1044/1044 1069/1069/1069 1068/1068/1068
f 1044/1044/1044 1045/1045/1045 1070/1070/1070 1069/1069/1069
f 1045/1045/1045 1046/1046/1046 1071/1071/1071 1070/1070/1070
f 1046/1046/1046 1047/1047/1047 1072/1072/1072 1071/1071/1071
f 1047/1047/1047 1048/1048/1048 1073/1073/1073 1072/1072/1072
f 1048/1048/1048 1049/1049/1049 1074/1074/1074 1073/1073/1073
f 1049/1049/1049 1050/1050/1050 1075/1075/1075 1074/1074/1074
f 1051/1051/1051 1052/1052/1052 1077/1077/1077 1076/1076/1076
f 1052/1052/1052 1053/1053/1053 1078/1078/1078 1077/1077/1077
f 1053/1053/1053 1054/1054/1054 1079/1079/1079 1078/1078/1078
f 1054/1054/1054 1055/1055/1055 1080/1080/1080 1079/1079/1079
f 1055/1055/1055 1056/1056/1056 1081/1081/1081 1080/1080/1080
f 1056/1056/1056 1057/1057/1057 1082/1082/1082 1081/1081/1081
f 1057/1057/1057 1058/1058/1058 1083/1083/1083 1082/1082/1082
f 1058/1058/1058 1059/1059/1059 1084/1084/1084 1083/1083/1083
f 1059/1059/1059 1060/1060/1060 1085/1085/1085 1084/1084/1084
f 1060/1060/1060 1061/1061/1061 1086/1086/1086 1085/1085/1085
f 1061/1061/1061 1062/1062/1062 1087/1087/1087 1086/1086/1086
f 1062/1062/1062 1063/1063/1063 1088/1088/1088 1087/1087/1087
f 1063/1063/1063 1064/1064/1064 1089/1089/1089 1088/1088/1088
f 1064/1064/1064 1065/1065/1065 1090/1090/1090 1089/1089/1089
f 1065/1065/1065 1066/1066/1066 1091/1091/1091 1090/1090/1090
f 1066/1066/1066 1067/1067/1067 1092/1092/1092 1091/1091/1091
f 1067/1067/1067 1068/1068/1068 1093/1093/1093 1092/1092/1092
f 1068/1068/1068 1069/1069/1069 1094/1094/1094 1093/1093/1093
f 1069/1069/1069 1070/1070/1070 1095/1095/1095 1094/1094/1094
f 1070/1070/1070 1071/1071/1071 1096/1096/1096 1095/1095/1095
f 1071/1071/1071 1072/1072/1072 1097/1097/1097 1096/1096/1096
f 1072/1072/1072 1073/1073/1073 1098/1098/1098 1097/1097/1097
f 1073/1073/1073 1074/1074/1074 1099/1099/1099 1098/1098/1098
f 1074/1074/1074 1075/1075/1075 1100/1100/1100 1099/1099/1099
f 1076/1076/1076 1077/1077/1077 1102/1102/1102 1101/1101/1101
f 1077/1077/1077 1078/1078/1078 1103/1103/1103 1102/1102/1102
f 1078/1078/1078 1079/1079/1079 1104/1104/1104 1103/1103/1103
f 1079/1079/1079 1080/1080/1080 1105/1105/1105 1104/1104/1104
f 1080/1080/1080 1081/1081/1081 1106/1106/1106 1105/1105/1105
f 1081/1081/1081 1082/1082/1082 1107/1107/1107 1106/1106/1106
f 1082/1082/1082 1083/1083/1083 1108/1108/1108 1107/1107/1107
f 1083/1083/1083 1084/1084/1084 1109/1109/1109 1108/1108/1108
f 1084/1084/1084 1085/1085/1085 1110/1110/1110 1109/1109/1109
f 1085/1085/1085 1086/1086/1086 1111/1111/1111 1110/1110/1110
f 1086/1086/1086 1087/1087/1087 1112/1112/1112 1111/1111/1111
f 1087/1087/1087 1088/1088/1088 1113/1113/1113 1112/1112/1112
f 1088/1088/1088 1089/1089/1089 1114/1114/1114 1113/1113/1113
f 1089/1089/1089 1090/1090/1090 1115/1115/1115 1114/1114/1114
f 1090/1090/1090 1091/1091/1091 1116/1116/1116 1115/1115/1115
f 1091/1091/1091 1092/1092/1092 1117/1117/1117 1116/1116/1116
f 1092/1092/1092 1093/1093/1093 1118/1118/1118 1117/1117/1117
f 1093/1093/1093 1094/1094/1094 1119/1119/1119 1118/1118/1118
f 1094/1094/1094 1095/1095/1095 1120/1120/1120 1119/1119/1119
f 1095/1095/1095 1096/1096/1096 1121/1121/1121 1120/1120/1120
f 1096/1096/1096 1097/1097/1097 1122/1122/1122 1121/1121/1121
f 1097/1097/1097 1098/1098/1098 1123/1123/1123 1122/1122/1122
f 1098/1098/1098 1099/1099/1099 1124/1124/1124 1123/1123/1123
f 1099/1099/1099 1100/1100/1100 1125/1125/1125 1124/1124/1124
f 1101/1101/1101 1102/1102/1102 1127/1127/1127 1126/1126/1126
f 1102/1102/1102 1103/1103/1103 1128/1128/1128 1127/1127/1127
f 1103/1103/1103 1104/1104/1104 1129/1129/1129 1128/1128/1128
f 1104/1104/1104 1105/1105/1105 1130/1130/1130 1129/1129/1129
f 1105/1105/1105 1106/1106/1106 1131/1131/1131 1130/1130/1130
f 1106/1106/1106 1107/1107/1107 1132/1132/1132 1131/1131/1131
f 1107/1107/1107 1108/1108/1108 1133/1133/1133 1132/1132/1132
f 1108/1108/1108 1109/1109/1109 1134/1134/1134 1133/1133/1133
f 1109/1109/1109 1110/1110/1110 1135/1135/1135 1134/1134/1134
f 1110/1110/1110 1111/1111/1111 1136/1136/1136 1135/1135/1135
f 1111/1111/1111 1112/1112/1112 1137/1137/1137 1136/1136/1136
f 1112/1112/1112 1113/1113/1113 1138/1138/1138 1137/1137/1137
f 1113/1113/1113 1114/1114/1114 1139/1139/1139 1138/1138/1138
f 1114/1114/1114 1115/1115/1115 1140/1140/1140 1139/1139/1139
f 1115/1115/1115 1116/1116/1116 1141/1141/1141 1140/1140/1140
f 1116/1116/1116 1117/1117/1117 1142/1142/1142 1141/1141/1141
f 1117/1117/1117 1118/1118/1118 1143/1143/1143 1142/1142/1142
f 1118/1118/1118 1119/1119/1119 1144/1144/1144 1143/1143/1143
f 1119/1119/1119 1120/1120/1120 1145/1145/1145 1144/1144/1144
f 1120/1120/1120 1121/1121/1121 1146/1146/1146 1145/1145/1145
f 1121/1121/1121 1122/1122/1122 1147/1147/1147 1146/1146/1146
f 1122/1122/1122 1123/1123/1123 1148/1148/1148 1147/1147/1147
f 1123/1123/1123 1124/1124/1124 1149/1149/1149 1148/1148/1148
f 1124/1124/1124 1125/1125/1125 1150/1150/1150 1149/1149/1149
f 1126/1126/1126 1127/1127/1127 1152/1152/1152 1151/1151/1151
f 1127/1127/1127 1128/1128/1128 1153/1153/1153 1152/1152/1152
f 1128/1128/1128 1129/1129/1129 1154/1154/1154 1153/1153/1153
f 1129/1129/1129 1130/1130/1130 1155/1155/1155 1154/1154/1154
f 1130/1130/1130 1131/1131/1131 1156/1156/1156 1155/1155/1155
f 1131/1131/1131 1132/1132/1132 1157/1157/1157 1156/1156/1156
f 1132/1132/1132 1133/1133/1133 1158/1158/1158 1157/1157/1157
f 1133/1133/1133 1134/1134/1134 1159/1159/1159 1158/1158/1158
f 1134/1134/1134 1135/1135/1135 1160/1160/1160 1159/1159/1159
f 1135/1135/1135 1136/1136/1136 1161/1161/1161 1160/1160/1160
f 1136/1136/1136 1137/1137/1137 1162/1162/1162 1161/1161/1161
f 1137/1137/1137 1138/1138/1138 1163/1163/1163 1162/1162/1162
f 1138/1138/1138 1139/1139/1139 1164/1164/1164 1163/1163/1163
f 1139/1139/1139 1140/1140/1140 1165/1165/1165 1164/1164/1164
f 1140/1140/1140 1141/1141/1141 1166/1166/1166 1165/1165/1165
f 1141/1141/1141 1142/1142/1142 1167/1167/1167 1166/1166/1166
f 1142/1142/1142 1143/1143/1143 1168/1168/1168 1167/1167/1167
f 1143/1143/1143 1144/1144/1144 1169/1169/1169 1168/1168/1168
f 1144/1144/1144 1145/1145/1145 1170/1170/1170 1169/1169/1169
f 1145/1145/1145 1146/1146/1146 1171/1171/1171 1170/1170/1170
f 1146/1146/1146 1147/1147/1147 1172/1172/1172 1171/1171/1171
f 1147/1147/1147 1148/1148/1148 1173/1173/1173 1172/1172/1172
f 1148/1148/1148 1149/1149/1149 1174/1174/1174 1173/1173/1173
f 1149/1149/1149 1150/1150/1150 1175/1175/1175 1174/1174/1174
f 1151/1151/1151 1152/1152/1152 1177/1177/1177 1176/1176/1176
f 1152/1152/1152 1153/1153/1153 1178/1178/1178 1177/1177/1177
f 1153/1153/1153 1154/1154/1154 1179/1179/1179 1178/1178/1178
f 1154/1154/1154 1155/1155/1155 1180/1180/1180 1179/1179/1179
f 1155/1155/1155 1156/1156/1156 1181/1181/1181 1180/1180/1180
f 1156/1156/1156 1157/1157/1157 1182/1182/1182 1181/1181/1181
f 1157/1157/1157 1158/1158/1158 1183/1183/1183 1182/1182/1182
f 1158/1158/1158 1159/1159/1159 1184/1184/1184 1183/1183/1183
f 1159/1159/1159 1160/1160/1160 1185/1185/1185 1184/1184/1184
f 1160/1160/1160 1161/1161/1161 1186/1186/1186 1185/1185/1185
f 1161/1161/1161 1162/1162/1162 1187/1187/1187 1186/1186/1186
f 1162/1162/1162 1163/1163/1163 1188/1188/1188 1187/1187/1187
f 1163/1163/1163 1164/1164/1164 1189/1189/1189 1188/1188/1188
f 1164/1164/1164 1165/1165/1165 1190/1190/1190 1189/1189/1189
f 1165/1165/1165 1166/1166/1166 1191/1191/1191 1190/1190/1190
f 1166/1166/1166 1167/1167/1167 1192/1192/1192 1191/1191/1191
f 1167/1167/1167 1168/1168/1168 1193/1193/1193 1192/1192/1192
f 1168/1168/1168 1169/1169/1169 1194/1194/1194 1193/1193/1193
f 1169/1169/1169 1170/1170/1170 1195/1195/1195 1194/1194/1194
f 1170/1170/1170 1171/1171/1171 1196/1196/1196 1195/1195/1195
f 1171/1171/1171 1172/1172/1172 1197/1197/1197 1196/1196/1196
f 1172/1172/1172 1173/1173/1173 1198/1198/1198 1197/1197/1197
f 1173/1173/1173 1174/1174/1174 1199/1199/1199 1198/1198/1198
f 1174/1174/1174 1175/1175/1175 1200/1200/1200 1199/1199/1199
f 1176/1176/1176 1177/1177/1177 1202/1202/1202 1201/1201/1201
f 1177/1177/1177 1178/1178/1178 1203/1203/1203 1202/1202/1202
f 1178/1178/1178 1179/1179/1179 1204/1204/1204 1203/1203/1203
f 1179/1179/1179 1180/1180/1180 1205/1205/1205 1204/1204/1204
f 1180/1180/1180 1181/1181/1181 1206/1206/1206 1205/1205/1205
f 1181/1181/1181 1182/1182/1182 1207/1207/1207 1206/1206/1206
f 1182/1182/1182 1183/1183/1183 1208/1208/1208 1207/1207/1207
f 1183/1183/1183 1184/1184/1184 1209/1209/1209 1208/1208/1208
f 1184/1184/1184 1185/1185/1185 1210/1210/1210 1209/1209/1209
f 1185/1185/1185 1186/1186/1186 1211/1211/1211 1210/1210/1210
f 1186/1186/1186 1187/1187/1187 1212/1212/1212 1211/1211/1211
f 1187/1187/1187 1188/1188/1188 1213/1213/1213 1212/1212/1212
f 1188/1188/1188 1189/1189/1189 1214/1214/1214 1213/1213/1213
f 1189/1189/1189 1190/1190/1190 1215/1215/1215 1214/1214/1214
f 1190/1190/1190 1191/1191/1191 1216/1216/1216 1215/1215/1215
f 1191/1191/1191 1192/1192/1192 1217/1217/1217 1216/1216/1216
f 1192/1192/1192 1193/1193/1193 1218/1218/1218 1217/1217/1217
f 1193/1193/1193 1194/1194/1194 1219/1219/1219 1218/1218/1218
f 1194/1194/1194 1195/1195/1195 1220/1220/1220 1219/1219/1219
f 1195/1195/1195 1196/1196/1196 1221/1221/1221 1220/1220/1220
f 1196/1196/1196 1197/1197/1197 1222/1222/1222 1221/1221/1221
f 1197/1197/1197 1198/1198/1198 1223/1223/1223 1222/1222/1222
f 1198/1198/1198 1199/1199/1199 1224/1224/1224 1223/1223/1223
f 1199/1199/1199 1200/1200/1200 1225/1225/1225 1224/1224/1224
